date,temp_max,temp_avg,temp_min,dew_point_max,dew_point_avg,dew_point_min,humidity_max,humidity_avg,humidity_min,wind_speed_max,wind_speed_avg,wind_speed_min,pressure_max,pressure_avg,pressure_min,precipitation_total
2019-01-01, 54 , 49.1 , 44 , 36 , 25.6 , 18 , 73 , 41.5 , 25 , 23 , 7.8 , 0 , 30.3 , 30.2 , 30.1 , 0.00 
2019-01-02, 54 , 46.3 , 38 , 36 , 33.2 , 29 , 82 , 61.7 , 38 , 5 , 1.6 , 0 , 30.3 , 30.2 , 30.2 , 0.00 
2019-01-03, 53 , 46.3 , 40 , 39 , 35.3 , 32 , 79 , 66.4 , 50 , 8 , 2.9 , 0 , 30.3 , 30.2 , 30.1 , 0.00 
2019-01-04, 63 , 48.9 , 41 , 43 , 37.6 , 34 , 82 , 66.4 , 38 , 14 , 3.9 , 0 , 30.1 , 30.0 , 29.8 , 0.00 
2019-01-05, 56 , 52.0 , 50 , 49 , 44.8 , 40 , 83 , 76.5 , 68 , 33 , 16.1 , 0 , 29.9 , 29.7 , 29.6 , 0.00 
2019-01-06, 61 , 53.6 , 47 , 54 , 47.6 , 43 , 90 , 80.4 , 67 , 32 , 17.2 , 0 , 29.9 , 29.8 , 29.7 , 0.19 
2019-01-07, 64 , 57.5 , 54 , 52 , 49.8 , 48 , 86 , 75.9 , 65 , 21 , 3.0 , 0 , 30.2 , 30.1 , 30.0 , 0.00 
2019-01-08, 62 , 53.3 , 0 , 52 , 48.3 , 0 , 89 , 79.5 , 0 , 21 , 7.4 , 0 , 30.1 , 30.0 , 29.9 , 0.00 
2019-01-09, 62 , 59.8 , 56 , 54 , 50.9 , 46 , 84 , 72.8 , 58 , 24 , 10.1 , 0 , 30.2 , 30.1 , 29.9 , 0.00 
2019-01-10, 66 , 53.2 , 0 , 53 , 47.0 , 0 , 97 , 77.7 , 0 , 6 , 1.5 , 0 , 30.2 , 30.1 , 30.0 , 0.00 
2019-01-11, 60 , 54.8 , 50 , 50 , 47.3 , 44 , 86 , 75.9 , 62 , 12 , 4.0 , 0 , 30.0 , 29.9 , 29.8 , 0.00 
2019-01-12, 62 , 58.4 , 56 , 50 , 47.4 , 45 , 77 , 67.0 , 58 , 10 , 4.0 , 0 , 30.0 , 30.0 , 29.9 , 0.17 
2019-01-13, 58 , 55.2 , 52 , 48 , 43.9 , 37 , 75 , 66.1 , 53 , 7 , 3.0 , 0 , 30.0 , 30.0 , 29.9 , 0.00 
2019-01-14, 57 , 52.9 , 48 , 47 , 43.5 , 40 , 77 , 70.6 , 64 , 16 , 5.5 , 0 , 29.9 , 29.9 , 29.8 , 0.00 
2019-01-15, 55 , 51.2 , 48 , 52 , 46.5 , 36 , 93 , 84.1 , 63 , 17 , 11.7 , 7 , 29.9 , 29.8 , 29.6 , 0.01 
2019-01-16, 63 , 55.4 , 0 , 54 , 49.2 , 0 , 93 , 77.0 , 0 , 39 , 22.3 , 8 , 29.9 , 29.8 , 29.7 , 0.59 
2019-01-17, 62 , 58.5 , 58 , 51 , 48.3 , 46 , 75 , 69.3 , 62 , 23 , 14.3 , 5 , 30.2 , 30.0 , 29.8 , 1.13 
2019-01-18, 64 , 59.8 , 56 , 51 , 48.0 , 41 , 80 , 65.9 , 46 , 7 , 3.9 , 0 , 30.4 , 30.3 , 30.3 , 0.03 
2019-01-19, 65 , 60.7 , 57 , 51 , 49.0 , 44 , 75 , 65.6 , 50 , 8 , 2.6 , 0 , 30.4 , 30.3 , 30.2 , 0.00 
2019-01-20, 58 , 56.5 , 53 , 54 , 49.3 , 39 , 93 , 77.3 , 59 , 23 , 13.2 , 0 , 30.1 , 30.1 , 30.0 , 0.02 
2019-01-21, 58 , 55.5 , 52 , 46 , 42.1 , 39 , 72 , 61.1 , 55 , 18 , 10.4 , 0 , 30.3 , 30.2 , 30.1 , 0.26 
2019-01-22, 60 , 51.8 , 43 , 40 , 34.2 , 28 , 74 , 52.5 , 31 , 9 , 3.7 , 0 , 30.4 , 30.4 , 30.3 , 0.00 
2019-01-23, 60 , 52.0 , 45 , 44 , 38.5 , 33 , 83 , 60.8 , 47 , 9 , 3.6 , 0 , 30.4 , 30.4 , 30.3 , 0.00 
2019-01-24, 64 , 52.7 , 44 , 47 , 40.7 , 37 , 83 , 64.9 , 38 , 9 , 2.9 , 0 , 30.3 , 30.2 , 30.2 , 0.00 
2019-01-25, 65 , 54.0 , 45 , 48 , 43.0 , 40 , 82 , 67.3 , 40 , 8 , 3.9 , 0 , 30.2 , 30.2 , 30.2 , 0.00 
2019-01-26, 61 , 54.6 , 47 , 47 , 42.3 , 37 , 77 , 64.0 , 48 , 6 , 2.7 , 0 , 30.3 , 30.3 , 30.2 , 0.00 
2019-01-27, 67 , 56.5 , 50 , 49 , 45.7 , 40 , 83 , 68.8 , 37 , 15 , 5.3 , 0 , 30.2 , 30.1 , 30.1 , 0.00 
2019-01-28, 62 , 55.8 , 52 , 51 , 48.6 , 47 , 86 , 77.0 , 62 , 18 , 6.9 , 0 , 30.1 , 30.0 , 30.0 , 0.00 
2019-01-29, 58 , 54.4 , 52 , 50 , 48.6 , 47 , 86 , 81.0 , 72 , 17 , 8.5 , 0 , 30.0 , 30.0 , 29.9 , 0.00 
2019-01-30, 59 , 53.7 , 50 , 50 , 47.6 , 45 , 86 , 80.0 , 69 , 13 , 5.3 , 0 , 30.0 , 29.9 , 29.8 , 0.01 
2019-01-31, 58 , 55.0 , 52 , 52 , 49.7 , 48 , 89 , 82.4 , 75 , 10 , 5.6 , 0 , 29.9 , 29.9 , 29.8 , 0.48 
2019-02-01, 58 , 54.8 , 52 , 48 , 46.9 , 45 , 86 , 75.0 , 62 , 21 , 9.9 , 0 , 29.9 , 29.8 , 29.5 , 0.00 
2019-02-02, 59 , 53.4 , 49 , 49 , 45.8 , 42 , 86 , 75.8 , 60 , 30 , 18.4 , 7 , 29.5 , 29.4 , 29.4 , 0.24 
2019-02-03, 56 , 52.6 , 50 , 52 , 46.6 , 42 , 93 , 80.4 , 64 , 22 , 12.2 , 3 , 29.7 , 29.6 , 29.4 , 0.63 
2019-02-04, 52 , 48.3 , 44 , 45 , 39.8 , 32 , 83 , 72.6 , 60 , 30 , 16.7 , 7 , 29.7 , 29.6 , 29.5 , 0.37 
2019-02-05, 50 , 45.2 , 41 , 36 , 32.0 , 29 , 79 , 60.8 , 44 , 21 , 9.6 , 5 , 30.1 , 29.9 , 29.7 , 0.41 
2019-02-06, 56 , 47.7 , 42 , 39 , 35.8 , 31 , 76 , 63.6 , 51 , 14 , 6.2 , 0 , 30.2 , 30.2 , 30.1 , 0.02 
2019-02-07, 53 , 46.9 , 40 , 40 , 36.2 , 33 , 86 , 67.2 , 50 , 9 , 4.6 , 0 , 30.3 , 30.2 , 30.2 , 0.00 
2019-02-08, 52 , 47.6 , 44 , 42 , 40.0 , 37 , 83 , 75.3 , 63 , 17 , 7.6 , 0 , 30.2 , 30.0 , 29.9 , 0.00 
2019-02-09, 55 , 48.5 , 43 , 50 , 41.9 , 39 , 96 , 78.5 , 59 , 23 , 12.3 , 0 , 30.0 , 29.9 , 29.8 , 0.47 
2019-02-10, 50 , 45.8 , 41 , 44 , 36.4 , 31 , 100 , 70.6 , 52 , 24 , 11.5 , 0 , 30.2 , 30.0 , 29.9 , 0.49 
2019-02-11, 52 , 46.0 , 41 , 41 , 37.3 , 34 , 86 , 72.3 , 50 , 8 , 3.9 , 0 , 30.2 , 30.2 , 30.1 , 0.10 
2019-02-12, 54 , 47.4 , 41 , 43 , 37.6 , 35 , 89 , 69.3 , 52 , 20 , 5.9 , 0 , 30.1 , 30.0 , 29.7 , 0.00 
2019-02-13, 62 , 53.8 , 48 , 55 , 48.0 , 40 , 90 , 81.0 , 64 , 29 , 17.5 , 7 , 29.7 , 29.6 , 29.4 , 0.32 
2019-02-14, 65 , 54.5 , 49 , 56 , 47.6 , 40 , 93 , 78.0 , 61 , 41 , 19.2 , 9 , 29.8 , 29.6 , 29.3 , 1.70 
2019-02-15, 53 , 48.9 , 45 , 46 , 40.0 , 37 , 86 , 71.7 , 59 , 26 , 13.2 , 5 , 30.1 , 30.0 , 29.9 , 0.77 
2019-02-16, 53 , 48.3 , 45 , 42 , 39.0 , 35 , 90 , 70.7 , 59 , 28 , 13.8 , 0 , 30.2 , 30.1 , 30.1 , 0.23 
2019-02-17, 54 , 47.9 , 44 , 41 , 37.4 , 34 , 89 , 67.8 , 49 , 29 , 13.8 , 0 , 30.1 , 30.0 , 30.0 , 0.18 
2019-02-18, 56 , 47.3 , 39 , 35 , 29.5 , 26 , 70 , 51.4 , 33 , 18 , 8.3 , 0 , 30.2 , 30.2 , 30.1 , 0.08 
2019-02-19, 55 , 48.3 , 38 , 41 , 33.3 , 28 , 71 , 56.9 , 37 , 23 , 8.8 , 0 , 30.2 , 30.2 , 30.1 , 0.00 
2019-02-20, 56 , 50.4 , 47 , 40 , 38.4 , 35 , 71 , 63.5 , 55 , 30 , 20.5 , 9 , 30.1 , 29.9 , 29.7 , 0.00 
2019-02-21, 56 , 49.8 , 43 , 35 , 30.6 , 25 , 68 , 49.0 , 36 , 28 , 13.3 , 5 , 29.9 , 29.8 , 29.7 , 0.00 
2019-02-22, 55 , 49.1 , 42 , 38 , 28.8 , 22 , 76 , 46.6 , 32 , 16 , 8.3 , 0 , 30.2 , 30.1 , 30.0 , 0.00 
2019-02-23, 55 , 48.1 , 41 , 41 , 38.5 , 34 , 82 , 69.9 , 55 , 16 , 7.3 , 0 , 30.3 , 30.3 , 30.2 , 0.00 
2019-02-24, 56 , 51.3 , 47 , 46 , 41.6 , 38 , 83 , 70.2 , 55 , 13 , 5.2 , 0 , 30.3 , 30.2 , 30.1 , 0.00 
2019-02-25, 56 , 53.9 , 50 , 47 , 44.2 , 42 , 77 , 69.8 , 62 , 26 , 16.0 , 5 , 30.1 , 30.0 , 29.9 , 0.00 
2019-02-26, 57 , 54.5 , 52 , 49 , 48.1 , 47 , 89 , 78.9 , 72 , 26 , 18.1 , 9 , 29.9 , 29.9 , 29.8 , 0.09 
2019-02-27, 59 , 54.1 , 50 , 52 , 49.5 , 45 , 93 , 84.6 , 75 , 25 , 13.8 , 6 , 30.1 , 30.0 , 29.8 , 0.82 
2019-02-28, 56 , 51.0 , 47 , 45 , 40.8 , 38 , 86 , 68.6 , 57 , 15 , 6.3 , 3 , 30.2 , 30.1 , 30.1 , 0.27 
2019-03-01, 54 , 50.1 , 44 , 48 , 41.5 , 38 , 82 , 72.5 , 63 , 7 , 3.2 , 0 , 30.1 , 30.0 , 29.9 , 0.00 
2019-03-02, 57 , 53.0 , 50 , 53 , 49.8 , 46 , 96 , 88.8 , 74 , 13 , 6.2 , 0 , 30.0 , 29.8 , 29.7 , 0.36 
2019-03-03, 58 , 54.2 , 51 , 52 , 48.8 , 43 , 97 , 82.2 , 69 , 16 , 6.6 , 0 , 30.1 , 30.0 , 30.0 , 0.60 
2019-03-04, 56 , 52.0 , 49 , 48 , 45.0 , 43 , 90 , 77.3 , 64 , 10 , 6.3 , 0 , 30.1 , 30.1 , 30.0 , 0.01 
2019-03-05, 60 , 53.7 , 50 , 51 , 48.0 , 45 , 93 , 81.4 , 67 , 25 , 8.6 , 0 , 30.0 , 29.8 , 29.6 , 0.01 
2019-03-06, 59 , 54.6 , 51 , 52 , 49.2 , 46 , 93 , 82.1 , 67 , 24 , 13.8 , 5 , 29.9 , 29.7 , 29.6 , 1.10 
2019-03-07, 54 , 50.8 , 48 , 46 , 41.2 , 36 , 86 , 70.2 , 57 , 14 , 9.2 , 3 , 30.0 , 30.0 , 30.0 , 0.37 
2019-03-08, 54 , 49.9 , 46 , 37 , 36.0 , 34 , 68 , 59.4 , 48 , 21 , 14.3 , 5 , 30.1 , 30.0 , 30.0 , 0.00 
2019-03-09, 56 , 49.0 , 44 , 44 , 40.6 , 38 , 82 , 73.2 , 60 , 17 , 12.7 , 6 , 30.0 , 29.9 , 29.9 , 0.02 
2019-03-10, 56 , 49.7 , 46 , 45 , 43.3 , 42 , 89 , 79.3 , 60 , 15 , 8.1 , 0 , 30.0 , 29.9 , 29.9 , 0.33 
2019-03-11, 62 , 51.8 , 41 , 46 , 42.7 , 39 , 93 , 72.8 , 44 , 25 , 9.4 , 0 , 30.1 , 30.0 , 29.9 , 0.12 
2019-03-12, 58 , 52.8 , 49 , 48 , 42.7 , 36 , 86 , 69.2 , 55 , 37 , 22.3 , 12 , 30.0 , 29.9 , 29.9 , 0.00 
2019-03-13, 61 , 52.0 , 44 , 41 , 35.2 , 29 , 68 , 53.8 , 33 , 20 , 12.3 , 5 , 30.2 , 30.2 , 30.1 , 0.00 
2019-03-14, 65 , 53.4 , 44 , 46 , 37.9 , 33 , 86 , 58.7 , 31 , 17 , 7.1 , 0 , 30.3 , 30.2 , 30.2 , 0.00 
2019-03-15, 67 , 54.6 , 45 , 47 , 41.7 , 36 , 89 , 63.7 , 40 , 18 , 6.8 , 0 , 30.2 , 30.2 , 30.1 , 0.00 
2019-03-16, 67 , 55.8 , 47 , 49 , 44.0 , 36 , 89 , 66.2 , 40 , 20 , 7.4 , 0 , 30.2 , 30.1 , 30.1 , 0.00 
2019-03-17, 70 , 56.7 , 47 , 51 , 47.3 , 42 , 90 , 72.0 , 44 , 12 , 5.3 , 0 , 30.1 , 30.1 , 30.0 , 0.00 
2019-03-18, 71 , 57.0 , 52 , 54 , 49.2 , 44 , 89 , 75.8 , 51 , 17 , 6.6 , 0 , 30.0 , 29.9 , 29.9 , 0.00 
2019-03-19, 69 , 57.6 , 50 , 51 , 45.8 , 32 , 89 , 67.4 , 32 , 23 , 6.5 , 0 , 29.9 , 29.9 , 29.8 , 0.00 
2019-03-20, 61 , 55.0 , 52 , 49 , 46.3 , 42 , 89 , 73.2 , 53 , 16 , 9.5 , 3 , 30.1 , 30.0 , 29.9 , 0.27 
2019-03-21, 60 , 53.3 , 47 , 48 , 44.9 , 43 , 86 , 74.0 , 55 , 20 , 7.8 , 0 , 30.1 , 30.1 , 30.1 , 0.29 
2019-03-22, 56 , 53.6 , 50 , 51 , 47.9 , 44 , 86 , 81.0 , 69 , 12 , 7.4 , 0 , 30.2 , 30.1 , 30.1 , 0.00 
2019-03-23, 59 , 54.8 , 52 , 52 , 46.8 , 43 , 93 , 75.3 , 58 , 20 , 10.3 , 0 , 30.2 , 30.2 , 30.1 , 0.41 
2019-03-24, 61 , 54.0 , 44 , 46 , 40.8 , 33 , 85 , 63.4 , 36 , 10 , 5.7 , 0 , 30.2 , 30.2 , 30.1 , 0.00 
2019-03-25, 62 , 55.5 , 52 , 53 , 45.8 , 38 , 93 , 71.3 , 53 , 22 , 8.1 , 0 , 30.1 , 30.1 , 30.0 , 0.00 
2019-03-26, 61 , 55.5 , 50 , 51 , 48.8 , 45 , 90 , 78.7 , 62 , 10 , 4.9 , 0 , 30.1 , 30.0 , 29.9 , 0.44 
2019-03-27, 62 , 57.6 , 55 , 52 , 48.3 , 44 , 86 , 71.6 , 58 , 31 , 14.5 , 6 , 30.1 , 29.9 , 29.8 , 0.07 
2019-03-28, 63 , 55.8 , 52 , 49 , 45.8 , 43 , 83 , 69.9 , 48 , 21 , 10.1 , 0 , 30.3 , 30.2 , 30.1 , 0.03 
2019-03-29, 60 , 53.8 , 47 , 50 , 46.0 , 43 , 90 , 75.6 , 55 , 18 , 10.0 , 0 , 30.4 , 30.3 , 30.3 , 0.04 
2019-03-30, 65 , 55.2 , 48 , 49 , 46.8 , 43 , 86 , 74.3 , 47 , 20 , 8.8 , 0 , 30.3 , 30.2 , 30.1 , 0.00 
2019-03-31, 70 , 56.9 , 50 , 56 , 48.5 , 43 , 86 , 74.0 , 51 , 21 , 8.7 , 0 , 30.2 , 30.1 , 30.1 , 0.00 
2019-04-01, 62 , 56.9 , 52 , 52 , 48.5 , 42 , 86 , 73.6 , 64 , 16 , 6.5 , 0 , 30.1 , 30.0 , 29.9 , 0.00 
2019-04-02, 60 , 56.3 , 53 , 55 , 50.2 , 47 , 93 , 80.4 , 69 , 16 , 7.9 , 0 , 30.0 , 29.9 , 29.8 , 0.03 
2019-04-03, 59 , 56.0 , 52 , 51 , 49.2 , 48 , 89 , 78.0 , 67 , 10 , 5.4 , 0 , 30.1 , 30.0 , 29.9 , 0.05 
2019-04-04, 61 , 56.3 , 52 , 50 , 48.5 , 47 , 93 , 75.6 , 60 , 20 , 9.6 , 3 , 30.0 , 30.0 , 30.0 , 0.00 
2019-04-05, 62 , 57.3 , 55 , 52 , 48.6 , 46 , 87 , 73.3 , 56 , 14 , 8.1 , 3 , 30.0 , 30.0 , 29.9 , 0.00 
2019-04-06, 66 , 59.6 , 56 , 53 , 50.6 , 47 , 87 , 72.9 , 59 , 14 , 9.4 , 0 , 30.2 , 30.1 , 30.0 , 0.07 
2019-04-07, 68 , 60.4 , 56 , 58 , 53.8 , 51 , 87 , 79.4 , 63 , 14 , 7.4 , 0 , 30.3 , 30.2 , 30.2 , 0.00 
2019-04-08, 71 , 60.7 , 55 , 58 , 55.4 , 53 , 96 , 83.2 , 61 , 22 , 9.9 , 0 , 30.2 , 30.2 , 30.1 , 0.00 
2019-04-09, 62 , 57.0 , 52 , 51 , 46.4 , 43 , 84 , 68.5 , 52 , 36 , 20.8 , 15 , 30.3 , 30.2 , 30.2 , 0.02 
2019-04-10, 65 , 56.7 , 49 , 47 , 43.9 , 39 , 80 , 63.3 , 46 , 25 , 15.8 , 5 , 30.3 , 30.3 , 30.2 , 0.00 
2019-04-11, 59 , 54.7 , 52 , 47 , 45.2 , 44 , 83 , 70.7 , 60 , 33 , 20.6 , 9 , 30.2 , 30.1 , 30.0 , 0.00 
2019-04-12, 65 , 55.6 , 49 , 48 , 46.3 , 44 , 86 , 72.0 , 52 , 24 , 16.4 , 10 , 30.0 , 29.9 , 29.9 , 0.00 
2019-04-13, 70 , 56.4 , 49 , 56 , 48.2 , 45 , 90 , 75.0 , 51 , 22 , 10.1 , 0 , 30.0 , 30.0 , 29.9 , 0.00 
2019-04-14, 60 , 53.3 , 49 , 49 , 45.3 , 40 , 86 , 74.7 , 61 , 26 , 15.7 , 5 , 30.0 , 30.0 , 29.9 , 0.00 
2019-04-15, 60 , 53.7 , 49 , 50 , 43.9 , 40 , 86 , 70.5 , 49 , 17 , 11.5 , 7 , 29.9 , 29.9 , 29.9 , 0.00 
2019-04-16, 62 , 55.4 , 50 , 50 , 46.7 , 45 , 89 , 73.4 , 56 , 26 , 15.1 , 7 , 30.2 , 30.0 , 29.9 , 0.03 
2019-04-17, 68 , 56.8 , 49 , 50 , 47.2 , 44 , 90 , 71.7 , 49 , 22 , 11.2 , 0 , 30.2 , 30.2 , 30.1 , 0.00 
2019-04-18, 76 , 60.1 , 50 , 55 , 49.6 , 45 , 89 , 69.4 , 46 , 18 , 8.4 , 0 , 30.2 , 30.1 , 30.0 , 0.00 
2019-04-19, 66 , 56.8 , 49 , 51 , 49.0 , 47 , 93 , 75.6 , 56 , 22 , 12.5 , 3 , 30.0 , 29.9 , 29.9 , 0.00 
2019-04-20, 58 , 54.2 , 50 , 50 , 47.3 , 44 , 93 , 78.0 , 65 , 36 , 23.6 , 8 , 30.0 , 29.9 , 29.9 , 0.00 
2019-04-21, 65 , 54.6 , 47 , 50 , 45.8 , 43 , 86 , 73.3 , 52 , 26 , 14.1 , 3 , 30.1 , 30.1 , 30.0 , 0.00 
2019-04-22, 76 , 58.5 , 49 , 53 , 46.9 , 44 , 86 , 67.8 , 37 , 23 , 10.0 , 0 , 30.1 , 30.1 , 30.0 , 0.00 
2019-04-23, 87 , 67.0 , 55 , 58 , 49.9 , 46 , 73 , 57.5 , 27 , 16 , 6.8 , 0 , 30.0 , 29.9 , 29.9 , 0.00 
2019-04-24, 80 , 63.5 , 55 , 58 , 51.0 , 47 , 80 , 65.4 , 42 , 22 , 12.5 , 0 , 29.9 , 29.9 , 29.9 , 0.00 
2019-04-25, 63 , 56.6 , 52 , 50 , 48.9 , 48 , 86 , 75.7 , 63 , 23 , 14.1 , 6 , 30.0 , 29.9 , 29.9 , 0.00 
2019-04-26, 69 , 57.8 , 50 , 53 , 49.4 , 46 , 86 , 74.0 , 54 , 24 , 9.3 , 0 , 30.0 , 29.9 , 29.9 , 0.00 
2019-04-27, 67 , 58.3 , 51 , 52 , 48.0 , 45 , 86 , 69.4 , 50 , 12 , 6.0 , 0 , 29.9 , 29.9 , 29.9 , 0.00 
2019-04-28, 65 , 55.8 , 50 , 49 , 46.0 , 44 , 80 , 70.1 , 54 , 20 , 8.4 , 0 , 29.9 , 29.8 , 29.7 , 0.00 
2019-04-29, 66 , 58.0 , 52 , 49 , 46.4 , 44 , 77 , 65.7 , 52 , 17 , 10.3 , 3 , 29.9 , 29.8 , 29.8 , 0.00 
2019-04-30, 65 , 57.1 , 54 , 47 , 45.5 , 44 , 75 , 66.0 , 47 , 21 , 10.4 , 0 , 30.0 , 29.9 , 29.8 , 0.00 
2019-05-01, 70 , 58.4 , 49 , 51 , 45.8 , 41 , 77 , 63.5 , 44 , 23 , 8.8 , 0 , 30.1 , 30.0 , 30.0 , 0.00 
2019-05-02, 71 , 58.4 , 50 , 51 , 46.5 , 42 , 86 , 67.0 , 35 , 22 , 12.3 , 3 , 30.1 , 30.0 , 29.9 , 0.00 
2019-05-03, 66 , 56.3 , 50 , 49 , 46.5 , 45 , 86 , 70.8 , 52 , 22 , 12.6 , 0 , 30.0 , 29.9 , 29.9 , 0.00 
2019-05-04, 64 , 54.9 , 49 , 47 , 45.1 , 44 , 86 , 70.4 , 52 , 22 , 11.3 , 3 , 29.9 , 29.9 , 29.9 , 0.00 
2019-05-05, 62 , 55.6 , 50 , 47 , 44.3 , 43 , 77 , 66.3 , 52 , 22 , 10.7 , 0 , 29.9 , 29.9 , 29.8 , 0.00 
2019-05-06, 61 , 56.7 , 54 , 50 , 47.4 , 46 , 86 , 71.2 , 62 , 17 , 10.8 , 5 , 30.0 , 29.9 , 29.9 , 0.00 
2019-05-07, 64 , 57.5 , 52 , 50 , 48.0 , 46 , 83 , 71.0 , 60 , 16 , 8.4 , 0 , 30.1 , 30.0 , 30.0 , 0.00 
2019-05-08, 67 , 60.1 , 55 , 52 , 50.6 , 49 , 83 , 71.6 , 59 , 20 , 12.9 , 6 , 30.0 , 29.9 , 29.9 , 0.00 
2019-05-09, 66 , 59.0 , 55 , 51 , 49.8 , 49 , 83 , 71.9 , 58 , 16 , 10.4 , 3 , 29.9 , 29.8 , 29.7 , 0.00 
2019-05-10, 68 , 59.4 , 54 , 51 , 49.7 , 48 , 83 , 71.0 , 55 , 22 , 12.7 , 7 , 29.9 , 29.8 , 29.8 , 0.00 
2019-05-11, 65 , 58.2 , 54 , 50 , 49.3 , 48 , 80 , 72.4 , 58 , 24 , 12.9 , 6 , 30.0 , 30.0 , 29.9 , 0.00 
2019-05-12, 64 , 57.1 , 54 , 50 , 48.5 , 48 , 80 , 73.0 , 58 , 21 , 13.3 , 5 , 30.0 , 30.0 , 29.9 , 0.00 
2019-05-13, 64 , 57.1 , 52 , 49 , 48.0 , 47 , 83 , 72.2 , 56 , 24 , 14.0 , 5 , 30.1 , 30.0 , 30.0 , 0.00 
2019-05-14, 63 , 59.0 , 55 , 50 , 48.1 , 47 , 75 , 67.2 , 58 , 15 , 9.3 , 3 , 30.1 , 30.0 , 29.9 , 0.00 
2019-05-15, 64 , 59.5 , 54 , 56 , 52.3 , 49 , 90 , 77.4 , 63 , 26 , 13.7 , 0 , 29.9 , 29.8 , 29.6 , 0.00 
2019-05-16, 59 , 55.6 , 54 , 49 , 46.4 , 44 , 77 , 71.3 , 64 , 24 , 15.4 , 8 , 30.1 , 29.9 , 29.7 , 0.47 
2019-05-17, 63 , 57.0 , 52 , 46 , 44.5 , 43 , 77 , 63.6 , 50 , 22 , 14.6 , 9 , 30.1 , 30.1 , 30.0 , 0.29 
2019-05-18, 56 , 54.1 , 51 , 52 , 48.5 , 45 , 93 , 81.8 , 67 , 25 , 10.2 , 3 , 30.0 , 29.9 , 29.8 , 0.00 
2019-05-19, 60 , 55.8 , 50 , 52 , 47.5 , 45 , 87 , 74.3 , 57 , 15 , 8.6 , 0 , 29.9 , 29.8 , 29.7 , 0.84 
2019-05-20, 62 , 56.0 , 50 , 49 , 47.2 , 46 , 89 , 73.4 , 56 , 17 , 9.8 , 0 , 30.0 , 30.0 , 29.9 , 0.28 
2019-05-21, 60 , 56.0 , 53 , 51 , 49.1 , 47 , 89 , 77.8 , 64 , 26 , 17.3 , 6 , 29.9 , 29.9 , 29.9 , 0.00 
2019-05-22, 66 , 58.2 , 52 , 52 , 49.6 , 47 , 86 , 74.1 , 54 , 23 , 16.3 , 6 , 29.8 , 29.8 , 29.8 , 0.06 
2019-05-23, 70 , 60.4 , 53 , 54 , 51.2 , 49 , 90 , 73.0 , 53 , 13 , 7.8 , 0 , 30.0 , 29.8 , 29.8 , 0.00 
2019-05-24, 68 , 58.9 , 54 , 54 , 50.3 , 48 , 86 , 73.9 , 59 , 20 , 10.4 , 0 , 30.0 , 30.0 , 29.9 , 0.00 
2019-05-25, 67 , 57.5 , 53 , 50 , 47.5 , 45 , 83 , 69.9 , 52 , 22 , 14.6 , 7 , 29.9 , 29.8 , 29.8 , 0.00 
2019-05-26, 60 , 55.2 , 52 , 50 , 45.7 , 42 , 89 , 70.9 , 53 , 29 , 18.2 , 7 , 30.0 , 29.9 , 29.8 , 0.00 
2019-05-27, 61 , 56.4 , 52 , 49 , 47.9 , 47 , 83 , 73.2 , 64 , 24 , 14.0 , 0 , 30.1 , 30.1 , 30.0 , 0.00 
2019-05-28, 65 , 57.6 , 52 , 52 , 49.6 , 48 , 89 , 75.1 , 58 , 21 , 12.3 , 0 , 30.1 , 30.0 , 29.9 , 0.00 
2019-05-29, 67 , 57.6 , 53 , 52 , 49.6 , 48 , 89 , 75.5 , 57 , 29 , 12.8 , 0 , 29.9 , 29.9 , 29.9 , 0.00 
2019-05-30, 61 , 55.5 , 52 , 50 , 49.2 , 49 , 93 , 79.5 , 67 , 21 , 12.4 , 6 , 29.9 , 29.9 , 29.9 , 0.00 
2019-05-31, 66 , 57.5 , 53 , 53 , 50.5 , 49 , 89 , 78.1 , 60 , 23 , 12.4 , 0 , 29.9 , 29.9 , 29.8 , 0.00 
2019-06-01, 73 , 59.4 , 53 , 56 , 52.3 , 50 , 90 , 78.2 , 55 , 21 , 9.1 , 0 , 29.9 , 29.8 , 29.8 , 0.00 
2019-06-02, 71 , 60.2 , 55 , 56 , 52.1 , 50 , 86 , 75.4 , 57 , 14 , 8.8 , 0 , 29.9 , 29.9 , 29.8 , 0.00 
2019-06-03, 67 , 58.7 , 53 , 54 , 50.8 , 49 , 89 , 75.6 , 61 , 21 , 11.4 , 5 , 29.9 , 29.9 , 29.9 , 0.00 
2019-06-04, 79 , 63.0 , 52 , 58 , 51.5 , 49 , 89 , 68.0 , 39 , 20 , 11.4 , 0 , 29.9 , 29.9 , 29.8 , 0.00 
2019-06-05, 70 , 62.0 , 55 , 54 , 51.0 , 48 , 86 , 68.3 , 54 , 24 , 15.1 , 6 , 29.9 , 29.9 , 29.9 , 0.00 
2019-06-06, 63 , 57.0 , 52 , 51 , 48.6 , 45 , 93 , 74.3 , 58 , 32 , 20.9 , 6 , 30.0 , 29.9 , 29.9 , 0.00 
2019-06-07, 68 , 59.0 , 50 , 47 , 45.1 , 42 , 83 , 61.7 , 43 , 26 , 16.7 , 5 , 30.0 , 30.0 , 30.0 , 0.00 
2019-06-08, 79 , 68.4 , 54 , 48 , 43.2 , 38 , 72 , 43.6 , 24 , 17 , 11.1 , 3 , 30.0 , 30.0 , 29.9 , 0.00 
2019-06-09, 89 , 75.2 , 61 , 53 , 42.5 , 36 , 63 , 35.0 , 18 , 17 , 5.0 , 0 , 30.0 , 30.0 , 29.9 , 0.00 
2019-06-10, 97 , 79.0 , 67 , 64 , 54.8 , 45 , 73 , 46.9 , 22 , 18 , 5.5 , 0 , 30.0 , 30.0 , 29.9 , 0.00 
2019-06-11, 96 , 78.3 , 70 , 64 , 55.6 , 46 , 68 , 48.6 , 20 , 21 , 8.1 , 0 , 30.0 , 29.9 , 29.9 , 0.00 
2019-06-12, 84 , 71.9 , 58 , 62 , 56.5 , 50 , 90 , 60.0 , 41 , 18 , 9.0 , 0 , 29.9 , 29.9 , 29.9 , 0.00 
2019-06-13, 73 , 62.3 , 55 , 56 , 53.7 , 52 , 89 , 74.6 , 53 , 23 , 11.4 , 0 , 29.9 , 29.9 , 29.9 , 0.00 
2019-06-14, 67 , 58.2 , 55 , 52 , 51.0 , 49 , 89 , 77.6 , 57 , 25 , 14.0 , 7 , 30.0 , 29.9 , 29.9 , 0.00 
2019-06-15, 62 , 56.8 , 54 , 51 , 50.0 , 50 , 86 , 78.3 , 65 , 18 , 13.1 , 7 , 30.0 , 30.0 , 29.9 , 0.00 
2019-06-16, 66 , 58.2 , 54 , 52 , 50.2 , 49 , 86 , 75.3 , 59 , 23 , 12.4 , 6 , 29.9 , 29.9 , 29.8 , 0.00 
2019-06-17, 74 , 62.1 , 55 , 57 , 52.7 , 49 , 84 , 71.8 , 53 , 17 , 8.1 , 3 , 29.9 , 29.8 , 29.8 , 0.00 
2019-06-18, 70 , 62.5 , 57 , 57 , 55.0 , 53 , 90 , 76.9 , 61 , 23 , 10.1 , 0 , 29.9 , 29.9 , 29.9 , 0.00 
2019-06-19, 72 , 62.9 , 58 , 58 , 55.5 , 53 , 87 , 77.3 , 59 , 22 , 7.6 , 0 , 29.9 , 29.9 , 29.9 , 0.00 
2019-06-20, 74 , 63.1 , 58 , 56 , 52.0 , 49 , 84 , 68.2 , 46 , 15 , 8.2 , 3 , 29.9 , 29.9 , 29.8 , 0.00 
2019-06-21, 70 , 61.6 , 55 , 55 , 51.2 , 49 , 81 , 69.5 , 53 , 22 , 9.8 , 0 , 29.9 , 29.9 , 29.9 , 0.00 
2019-06-22, 79 , 64.8 , 54 , 57 , 52.3 , 50 , 86 , 66.4 , 39 , 21 , 10.6 , 0 , 30.0 , 29.9 , 29.9 , 0.00 
2019-06-23, 78 , 64.8 , 55 , 59 , 53.9 , 51 , 89 , 69.8 , 46 , 25 , 11.9 , 0 , 30.0 , 29.9 , 29.9 , 0.00 
2019-06-24, 72 , 62.5 , 55 , 58 , 53.8 , 49 , 93 , 74.1 , 55 , 21 , 10.3 , 0 , 29.9 , 29.9 , 29.8 , 0.00 
2019-06-25, 72 , 63.3 , 56 , 52 , 50.0 , 47 , 84 , 63.4 , 43 , 22 , 12.8 , 6 , 29.9 , 29.9 , 29.8 , 0.00 
2019-06-26, 69 , 62.0 , 56 , 55 , 52.1 , 49 , 80 , 70.5 , 57 , 21 , 14.7 , 7 , 30.1 , 30.0 , 29.9 , 0.00 
2019-06-27, 69 , 62.3 , 58 , 52 , 50.6 , 49 , 81 , 66.5 , 49 , 24 , 17.7 , 12 , 30.1 , 30.1 , 30.0 , 0.00 
2019-06-28, 69 , 61.7 , 56 , 51 , 50.0 , 49 , 80 , 66.2 , 51 , 28 , 16.2 , 8 , 30.1 , 30.0 , 30.0 , 0.00 
2019-06-29, 67 , 60.8 , 53 , 50 , 49.5 , 48 , 86 , 67.4 , 52 , 24 , 15.4 , 7 , 30.1 , 30.0 , 30.0 , 0.00 
2019-06-30, 68 , 61.0 , 55 , 52 , 50.8 , 50 , 83 , 70.4 , 55 , 21 , 12.4 , 6 , 30.1 , 30.0 , 30.0 , 0.00 
2019-07-01, 70 , 61.2 , 56 , 52 , 51.0 , 50 , 84 , 70.8 , 49 , 20 , 12.5 , 6 , 30.1 , 30.0 , 30.0 , 0.00 
2019-07-02, 67 , 60.5 , 55 , 52 , 50.9 , 50 , 84 , 71.4 , 57 , 25 , 18.6 , 9 , 30.0 , 30.0 , 29.9 , 0.00 
2019-07-03, 68 , 59.6 , 55 , 52 , 50.6 , 50 , 86 , 73.0 , 52 , 24 , 16.3 , 10 , 29.9 , 29.9 , 29.9 , 0.00 
2019-07-04, 71 , 60.4 , 55 , 52 , 51.0 , 49 , 87 , 72.4 , 51 , 21 , 11.3 , 3 , 30.0 , 29.9 , 29.9 , 0.00 
2019-07-05, 70 , 62.0 , 55 , 54 , 51.3 , 49 , 87 , 69.4 , 53 , 21 , 10.3 , 0 , 30.0 , 30.0 , 30.0 , 0.00 
2019-07-06, 70 , 61.9 , 55 , 51 , 50.0 , 49 , 83 , 66.0 , 47 , 24 , 11.8 , 0 , 30.0 , 30.0 , 29.9 , 0.00 
2019-07-07, 67 , 61.1 , 56 , 52 , 50.8 , 49 , 81 , 69.5 , 56 , 24 , 14.6 , 0 , 29.9 , 29.9 , 29.9 , 0.00 
2019-07-08, 63 , 60.0 , 57 , 52 , 51.8 , 51 , 83 , 74.7 , 67 , 21 , 14.8 , 9 , 30.0 , 30.0 , 29.9 , 0.00 
2019-07-09, 70 , 63.7 , 58 , 59 , 54.9 , 51 , 93 , 73.6 , 61 , 18 , 12.7 , 7 , 30.1 , 30.0 , 30.0 , 0.00 
2019-07-10, 72 , 65.6 , 61 , 58 , 56.1 , 54 , 90 , 72.2 , 55 , 23 , 14.1 , 6 , 30.1 , 30.1 , 30.0 , 0.00 
2019-07-11, 70 , 62.3 , 58 , 57 , 55.3 , 54 , 90 , 78.5 , 63 , 26 , 14.8 , 8 , 30.1 , 30.0 , 30.0 , 0.00 
2019-07-12, 68 , 60.1 , 55 , 54 , 52.7 , 52 , 90 , 77.5 , 59 , 29 , 14.9 , 5 , 30.0 , 29.9 , 29.9 , 0.00 
2019-07-13, 67 , 60.4 , 55 , 53 , 52.4 , 51 , 89 , 75.5 , 61 , 22 , 12.7 , 3 , 29.9 , 29.9 , 29.9 , 0.00 
2019-07-14, 67 , 61.4 , 55 , 53 , 51.9 , 50 , 90 , 72.0 , 57 , 21 , 13.8 , 6 , 30.0 , 30.0 , 29.9 , 0.00 
2019-07-15, 76 , 65.5 , 58 , 56 , 52.6 , 50 , 82 , 64.4 , 44 , 38 , 19.4 , 7 , 30.0 , 30.0 , 29.9 , 0.00 
2019-07-16, 74 , 63.6 , 58 , 55 , 53.9 , 51 , 87 , 72.3 , 45 , 32 , 16.1 , 6 , 29.9 , 29.9 , 29.9 , 0.00 
2019-07-17, 78 , 64.7 , 58 , 56 , 53.7 , 52 , 84 , 68.8 , 46 , 21 , 9.2 , 0 , 29.9 , 29.9 , 29.9 , 0.00 
2019-07-18, 78 , 65.0 , 58 , 58 , 54.9 , 53 , 84 , 70.8 , 48 , 21 , 8.7 , 0 , 29.9 , 29.9 , 29.9 , 0.00 
2019-07-19, 75 , 66.5 , 61 , 56 , 54.0 , 52 , 78 , 65.1 , 48 , 16 , 7.5 , 0 , 29.9 , 29.9 , 29.9 , 0.00 
2019-07-20, 73 , 64.2 , 59 , 55 , 53.2 , 52 , 83 , 68.3 , 49 , 22 , 10.1 , 0 , 29.9 , 29.9 , 29.9 , 0.00 
2019-07-21, 72 , 62.9 , 58 , 58 , 54.1 , 52 , 84 , 74.0 , 57 , 21 , 9.5 , 0 , 29.9 , 29.9 , 29.9 , 0.00 
2019-07-22, 74 , 63.4 , 57 , 58 , 54.0 , 52 , 87 , 72.5 , 52 , 22 , 12.1 , 0 , 30.0 , 29.9 , 29.9 , 0.00 
2019-07-23, 70 , 63.0 , 58 , 54 , 52.8 , 52 , 84 , 70.5 , 53 , 25 , 13.5 , 8 , 30.0 , 30.0 , 30.0 , 0.00 
2019-07-24, 82 , 66.0 , 55 , 62 , 53.5 , 49 , 87 , 66.4 , 36 , 22 , 11.5 , 0 , 30.0 , 29.9 , 29.9 , 0.00 
2019-07-25, 70 , 63.1 , 58 , 54 , 53.3 , 52 , 87 , 70.9 , 57 , 25 , 14.3 , 8 , 29.9 , 29.9 , 29.9 , 0.00 
2019-07-26, 74 , 63.6 , 56 , 56 , 53.8 , 52 , 90 , 72.1 , 52 , 21 , 11.1 , 0 , 30.0 , 30.0 , 30.0 , 0.00 
2019-07-27, 78 , 66.6 , 56 , 59 , 54.7 , 52 , 90 , 67.3 , 43 , 20 , 8.7 , 0 , 30.1 , 30.0 , 29.9 , 0.00 
2019-07-28, 74 , 65.1 , 58 , 57 , 53.5 , 52 , 81 , 66.9 , 50 , 26 , 13.3 , 6 , 29.9 , 29.9 , 29.9 , 0.00 
2019-07-29, 68 , 62.9 , 58 , 54 , 52.7 , 51 , 84 , 70.1 , 59 , 35 , 17.2 , 0 , 30.0 , 29.9 , 29.9 , 0.00 
2019-07-30, 70 , 62.5 , 58 , 53 , 52.2 , 51 , 84 , 70.3 , 53 , 32 , 14.5 , 6 , 30.0 , 29.9 , 29.9 , 0.00 
2019-07-31, 75 , 63.5 , 56 , 58 , 53.7 , 51 , 87 , 71.6 , 50 , 21 , 9.1 , 0 , 30.0 , 29.9 , 29.9 , 0.00 
2019-08-01, 68 , 64.1 , 60 , 57 , 55.5 , 53 , 87 , 74.1 , 63 , 22 , 11.3 , 0 , 30.1 , 30.0 , 30.0 , 0.00 
2019-08-02, 69 , 63.4 , 61 , 57 , 56.4 , 55 , 88 , 78.5 , 63 , 25 , 14.7 , 8 , 30.1 , 30.0 , 30.0 , 0.00 
2019-08-03, 73 , 63.7 , 58 , 58 , 56.3 , 54 , 93 , 77.7 , 57 , 23 , 12.1 , 0 , 30.0 , 29.9 , 29.9 , 0.00 
2019-08-04, 72 , 64.2 , 61 , 57 , 56.4 , 56 , 87 , 76.4 , 57 , 28 , 13.1 , 3 , 30.0 , 29.9 , 29.9 , 0.00 
2019-08-05, 73 , 64.5 , 60 , 59 , 55.8 , 54 , 83 , 73.9 , 59 , 21 , 10.5 , 0 , 30.0 , 29.9 , 29.9 , 0.00 
2019-08-06, 72 , 63.1 , 58 , 59 , 54.9 , 54 , 90 , 75.5 , 57 , 23 , 10.1 , 0 , 29.9 , 29.9 , 29.9 , 0.00 
2019-08-07, 70 , 63.8 , 60 , 54 , 53.8 , 53 , 80 , 70.6 , 57 , 22 , 13.2 , 7 , 30.0 , 29.9 , 29.9 , 0.00 
2019-08-08, 71 , 65.1 , 60 , 56 , 53.8 , 52 , 78 , 67.6 , 51 , 28 , 18.5 , 8 , 30.0 , 30.0 , 29.9 , 0.00 
2019-08-09, 76 , 67.6 , 61 , 61 , 55.6 , 50 , 90 , 67.0 , 43 , 22 , 13.7 , 7 , 30.0 , 29.9 , 29.9 , 0.00 
2019-08-10, 76 , 67.7 , 61 , 61 , 59.6 , 57 , 88 , 76.0 , 55 , 23 , 11.2 , 0 , 30.0 , 30.0 , 29.9 , 0.00 
2019-08-11, 82 , 65.8 , 58 , 58 , 55.4 , 51 , 93 , 71.7 , 41 , 26 , 11.4 , 0 , 30.1 , 30.0 , 30.0 , 0.00 
2019-08-12, 85 , 68.4 , 59 , 60 , 55.6 , 54 , 87 , 65.5 , 34 , 30 , 13.5 , 3 , 30.0 , 30.0 , 29.9 , 0.00 
2019-08-13, 80 , 68.3 , 58 , 60 , 55.4 , 53 , 87 , 65.1 , 42 , 22 , 12.2 , 3 , 30.0 , 29.9 , 29.9 , 0.00 
2019-08-14, 91 , 72.1 , 61 , 64 , 55.7 , 51 , 81 , 59.7 , 28 , 22 , 10.3 , 3 , 30.0 , 29.9 , 29.9 , 0.00 
2019-08-15, 90 , 72.1 , 61 , 63 , 56.4 , 54 , 81 , 59.5 , 31 , 16 , 9.1 , 0 , 29.9 , 29.9 , 29.8 , 0.00 
2019-08-16, 80 , 69.3 , 61 , 60 , 56.0 , 54 , 81 , 63.6 , 45 , 20 , 9.9 , 0 , 29.9 , 29.8 , 29.8 , 0.00 
2019-08-17, 74 , 66.7 , 61 , 56 , 53.8 , 52 , 81 , 64.1 , 49 , 16 , 9.1 , 0 , 29.9 , 29.8 , 29.8 , 0.00 
2019-08-18, 74 , 65.9 , 61 , 56 , 53.9 , 53 , 78 , 65.9 , 52 , 22 , 9.6 , 5 , 29.9 , 29.9 , 29.8 , 0.00 
2019-08-19, 71 , 63.7 , 59 , 56 , 54.5 , 53 , 81 , 72.4 , 57 , 21 , 10.4 , 5 , 30.0 , 30.0 , 29.9 , 0.00 
2019-08-20, 71 , 66.0 , 61 , 56 , 55.2 , 54 , 78 , 68.6 , 57 , 24 , 14.9 , 8 , 30.0 , 30.0 , 30.0 , 0.00 
2019-08-21, 79 , 68.3 , 61 , 64 , 58.2 , 53 , 90 , 71.8 , 42 , 30 , 16.0 , 3 , 30.0 , 29.9 , 29.8 , 0.00 
2019-08-22, 78 , 67.8 , 61 , 63 , 59.4 , 55 , 93 , 75.8 , 54 , 25 , 15.3 , 7 , 29.8 , 29.8 , 29.7 , 0.00 
2019-08-23, 78 , 67.7 , 59 , 61 , 57.0 , 55 , 90 , 69.6 , 52 , 17 , 7.4 , 0 , 29.9 , 29.8 , 29.7 , 0.00 
2019-08-24, 72 , 64.8 , 61 , 59 , 57.0 , 56 , 88 , 76.1 , 61 , 21 , 11.6 , 3 , 30.0 , 29.9 , 29.9 , 0.00 
2019-08-25, 73 , 64.1 , 58 , 59 , 56.3 , 54 , 93 , 77.2 , 55 , 23 , 11.8 , 0 , 30.0 , 30.0 , 29.9 , 0.00 
2019-08-26, 80 , 64.8 , 55 , 59 , 55.1 , 53 , 93 , 72.8 , 40 , 22 , 11.7 , 0 , 29.9 , 29.9 , 29.8 , 0.00 
2019-08-27, 73 , 63.9 , 57 , 58 , 55.7 , 54 , 94 , 75.8 , 55 , 23 , 13.4 , 3 , 29.9 , 29.8 , 29.8 , 0.00 
2019-08-28, 76 , 66.3 , 59 , 59 , 57.1 , 56 , 90 , 73.4 , 54 , 22 , 12.5 , 7 , 30.0 , 29.9 , 29.9 , 0.00 
2019-08-29, 77 , 70.6 , 64 , 60 , 57.4 , 56 , 87 , 64.1 , 48 , 18 , 11.8 , 6 , 30.1 , 30.0 , 30.0 , 0.00 
2019-08-30, 73 , 66.5 , 62 , 59 , 57.9 , 56 , 86 , 73.9 , 59 , 23 , 13.7 , 6 , 30.0 , 30.0 , 29.9 , 0.00 
2019-08-31, 82 , 69.0 , 61 , 62 , 57.5 , 55 , 83 , 68.0 , 41 , 23 , 10.3 , 0 , 30.0 , 29.9 , 29.9 , 0.00 
2019-09-01, 76 , 68.3 , 61 , 59 , 57.4 , 55 , 90 , 69.3 , 52 , 26 , 14.2 , 6 , 29.9 , 29.9 , 29.9 , 0.00 
2019-09-02, 71 , 65.8 , 62 , 57 , 56.6 , 55 , 84 , 72.5 , 59 , 22 , 15.3 , 7 , 30.0 , 29.9 , 29.9 , 0.00 
2019-09-03, 73 , 65.2 , 60 , 57 , 56.1 , 55 , 87 , 73.2 , 55 , 26 , 15.3 , 8 , 30.0 , 30.0 , 29.9 , 0.00 
2019-09-04, 73 , 63.3 , 58 , 57 , 55.6 , 55 , 93 , 77.2 , 55 , 22 , 13.4 , 7 , 29.9 , 29.9 , 29.8 , 0.00 
2019-09-05, 72 , 64.2 , 58 , 58 , 56.3 , 55 , 93 , 76.3 , 57 , 26 , 15.2 , 7 , 30.0 , 30.0 , 29.9 , 0.00 
2019-09-06, 70 , 64.0 , 61 , 57 , 56.0 , 55 , 87 , 75.8 , 59 , 23 , 13.9 , 6 , 30.1 , 30.1 , 30.0 , 0.00 
2019-09-07, 71 , 64.4 , 61 , 57 , 55.9 , 55 , 87 , 74.4 , 57 , 26 , 17.4 , 9 , 30.1 , 30.0 , 30.0 , 0.00 
2019-09-08, 71 , 64.0 , 59 , 57 , 55.1 , 54 , 87 , 73.4 , 57 , 28 , 19.7 , 10 , 30.0 , 30.0 , 29.9 , 0.00 
2019-09-09, 74 , 64.3 , 58 , 60 , 56.0 , 53 , 90 , 75.5 , 53 , 28 , 18.0 , 10 , 30.0 , 29.9 , 29.9 , 0.00 
2019-09-10, 70 , 63.9 , 59 , 56 , 55.3 , 54 , 83 , 74.0 , 59 , 28 , 18.5 , 5 , 29.9 , 29.9 , 29.9 , 0.00 
2019-09-11, 78 , 66.6 , 58 , 61 , 54.2 , 51 , 84 , 65.8 , 44 , 23 , 8.5 , 0 , 30.1 , 30.0 , 29.9 , 0.00 
2019-09-12, 87 , 72.5 , 61 , 60 , 51.9 , 48 , 67 , 50.5 , 28 , 20 , 6.3 , 0 , 30.1 , 30.0 , 29.9 , 0.00 
2019-09-13, 94 , 74.5 , 65 , 63 , 54.1 , 45 , 71 , 51.7 , 22 , 22 , 6.8 , 0 , 30.0 , 29.9 , 29.9 , 0.00 
2019-09-14, 75 , 65.6 , 61 , 56 , 54.6 , 52 , 83 , 68.4 , 50 , 26 , 14.4 , 5 , 29.9 , 29.9 , 29.9 , 0.00 
2019-09-15, 72 , 65.7 , 60 , 62 , 56.9 , 54 , 86 , 74.0 , 53 , 22 , 13.7 , 6 , 29.9 , 29.9 , 29.8 , 0.00 
2019-09-16, 71 , 65.6 , 61 , 63 , 57.8 , 53 , 90 , 76.8 , 55 , 23 , 12.3 , 5 , 30.0 , 29.9 , 29.8 , 0.02 
2019-09-17, 75 , 65.5 , 59 , 58 , 53.0 , 47 , 84 , 65.6 , 37 , 26 , 11.1 , 0 , 30.1 , 30.0 , 30.0 , 0.02 
2019-09-18, 75 , 66.5 , 61 , 60 , 57.0 , 54 , 87 , 72.3 , 51 , 21 , 9.5 , 0 , 30.0 , 29.9 , 29.9 , 0.00 
2019-09-19, 74 , 65.0 , 58 , 55 , 52.6 , 49 , 87 , 65.8 , 45 , 22 , 11.3 , 3 , 30.0 , 29.9 , 29.9 , 0.00 
2019-09-20, 82 , 69.0 , 58 , 56 , 51.3 , 47 , 78 , 55.5 , 30 , 18 , 7.0 , 0 , 30.0 , 29.9 , 29.9 , 0.00 
2019-09-21, 85 , 70.6 , 61 , 59 , 51.5 , 46 , 75 , 54.2 , 26 , 22 , 8.4 , 0 , 30.0 , 29.9 , 29.9 , 0.00 
2019-09-22, 72 , 64.1 , 58 , 59 , 55.0 , 53 , 87 , 73.3 , 51 , 23 , 12.8 , 0 , 29.9 , 29.9 , 29.9 , 0.00 
2019-09-23, 82 , 66.1 , 58 , 60 , 54.9 , 50 , 93 , 70.7 , 38 , 23 , 8.9 , 0 , 30.0 , 29.9 , 29.9 , 0.00 
2019-09-24, 92 , 75.0 , 62 , 60 , 50.1 , 37 , 72 , 46.7 , 16 , 20 , 5.8 , 0 , 30.0 , 29.9 , 29.8 , 0.00 
2019-09-25, 94 , 78.5 , 67 , 61 , 54.2 , 46 , 66 , 45.0 , 28 , 20 , 6.0 , 0 , 29.8 , 29.8 , 29.7 , 0.00 
2019-09-26, 78 , 70.9 , 65 , 62 , 57.8 , 55 , 79 , 63.9 , 50 , 23 , 11.2 , 0 , 29.9 , 29.9 , 29.7 , 0.00 
2019-09-27, 68 , 62.7 , 57 , 58 , 54.9 , 50 , 90 , 75.9 , 66 , 20 , 12.5 , 3 , 29.9 , 29.9 , 29.8 , 0.00 
2019-09-28, 67 , 59.5 , 55 , 50 , 47.1 , 44 , 80 , 64.3 , 45 , 38 , 25.0 , 10 , 29.8 , 29.8 , 29.8 , 0.00 
2019-09-29, 67 , 59.7 , 52 , 50 , 45.8 , 42 , 75 , 61.0 , 44 , 23 , 12.6 , 7 , 29.9 , 29.9 , 29.8 , 0.00 
2019-09-30, 66 , 58.8 , 55 , 50 , 46.1 , 41 , 80 , 64.2 , 40 , 23 , 13.9 , 3 , 30.0 , 30.0 , 29.9 , 0.02 
2019-10-01, 69 , 58.8 , 50 , 49 , 44.3 , 39 , 80 , 60.6 , 36 , 21 , 9.3 , 3 , 30.0 , 30.0 , 29.9 , 0.00 
2019-10-02, 71 , 59.4 , 50 , 52 , 44.6 , 37 , 80 , 59.0 , 36 , 22 , 10.3 , 0 , 30.1 , 30.0 , 30.0 , 0.00 
2019-10-03, 66 , 58.9 , 53 , 50 , 47.3 , 45 , 83 , 66.3 , 48 , 25 , 13.8 , 3 , 30.1 , 30.0 , 30.0 , 0.00 
2019-10-04, 70 , 60.7 , 54 , 49 , 44.8 , 39 , 75 , 58.0 , 32 , 23 , 11.6 , 0 , 30.1 , 30.1 , 30.1 , 0.00 
2019-10-05, 79 , 64.3 , 52 , 52 , 42.8 , 36 , 69 , 48.5 , 21 , 20 , 5.6 , 0 , 30.1 , 30.1 , 30.0 , 0.00 
2019-10-06, 87 , 69.3 , 57 , 53 , 42.3 , 37 , 69 , 40.1 , 17 , 17 , 4.1 , 0 , 30.1 , 30.0 , 29.9 , 0.00 
2019-10-07, 82 , 69.6 , 61 , 57 , 46.8 , 37 , 70 , 46.9 , 22 , 20 , 6.3 , 0 , 30.0 , 29.9 , 29.9 , 0.00 
2019-10-08, 73 , 63.3 , 56 , 56 , 50.6 , 40 , 83 , 64.6 , 35 , 26 , 10.1 , 0 , 29.9 , 29.9 , 29.8 , 0.00 
2019-10-09, 70 , 61.0 , 53 , 49 , 44.0 , 28 , 74 , 55.6 , 24 , 28 , 13.7 , 3 , 29.9 , 29.9 , 29.9 , 0.00 
2019-10-10, 73 , 65.8 , 59 , 48 , 31.3 , 18 , 46 , 28.6 , 17 , 23 , 9.4 , 0 , 30.0 , 30.0 , 29.9 , 0.00 
2019-10-11, 79 , 64.7 , 53 , 43 , 35.0 , 25 , 64 , 36.1 , 14 , 15 , 3.9 , 0 , 30.0 , 30.0 , 29.9 , 0.00 
2019-10-12, 73 , 62.6 , 54 , 49 , 39.2 , 29 , 64 , 43.0 , 28 , 16 , 6.8 , 0 , 29.9 , 29.9 , 29.8 , 0.00 
2019-10-13, 72 , 57.8 , 53 , 51 , 45.8 , 36 , 86 , 66.6 , 27 , 20 , 10.2 , 0 , 29.9 , 29.9 , 29.8 , 0.00 
2019-10-14, 66 , 56.1 , 50 , 52 , 47.8 , 43 , 86 , 74.2 , 52 , 20 , 8.3 , 0 , 30.0 , 29.9 , 29.9 , 0.00 
2019-10-15, 64 , 55.0 , 49 , 52 , 48.5 , 47 , 93 , 79.4 , 58 , 21 , 8.9 , 0 , 30.1 , 30.1 , 30.0 , 0.00 
2019-10-16, 67 , 58.9 , 52 , 53 , 50.0 , 48 , 89 , 72.9 , 52 , 16 , 9.0 , 3 , 30.0 , 30.0 , 29.9 , 0.00 
2019-10-17, 67 , 60.3 , 55 , 56 , 50.5 , 43 , 93 , 71.7 , 42 , 32 , 16.6 , 0 , 30.0 , 29.9 , 29.9 , 0.00 
2019-10-18, 67 , 59.9 , 55 , 55 , 49.3 , 44 , 78 , 68.4 , 58 , 21 , 12.5 , 7 , 30.1 , 30.1 , 30.0 , 0.00 
2019-10-19, 70 , 59.6 , 55 , 57 , 50.9 , 45 , 87 , 73.3 , 61 , 15 , 9.0 , 0 , 30.1 , 30.1 , 30.0 , 0.00 
2019-10-20, 72 , 60.5 , 52 , 53 , 48.2 , 40 , 89 , 67.2 , 33 , 21 , 9.6 , 0 , 30.1 , 30.1 , 30.1 , 0.00 
2019-10-21, 82 , 64.8 , 55 , 59 , 50.3 , 47 , 80 , 61.3 , 29 , 15 , 4.5 , 0 , 30.2 , 30.1 , 30.1 , 0.00 
2019-10-22, 85 , 67.5 , 58 , 58 , 48.8 , 42 , 68 , 53.5 , 23 , 15 , 5.0 , 0 , 30.2 , 30.1 , 30.0 , 0.00 
2019-10-23, 85 , 68.7 , 58 , 58 , 48.9 , 43 , 73 , 51.8 , 26 , 17 , 4.6 , 0 , 30.0 , 30.0 , 29.9 , 0.00 
2019-10-24, 86 , 74.9 , 65 , 49 , 34.5 , 25 , 50 , 25.5 , 12 , 12 , 5.8 , 0 , 30.1 , 30.0 , 29.9 , 0.00 
2019-10-25, 84 , 70.0 , 61 , 58 , 43.8 , 27 , 70 , 42.6 , 13 , 16 , 5.5 , 0 , 30.1 , 30.0 , 30.0 , 0.00 
2019-10-26, 73 , 61.4 , 55 , 53 , 48.6 , 44 , 77 , 63.7 , 42 , 23 , 11.1 , 0 , 29.9 , 29.8 , 29.7 , 0.00 
2019-10-27, 69 , 62.5 , 52 , 49 , 36.4 , 26 , 80 , 41.1 , 22 , 35 , 17.4 , 0 , 30.0 , 29.9 , 29.7 , 0.00 
2019-10-28, 71 , 61.0 , 54 , 34 , 23.5 , 14 , 39 , 25.3 , 14 , 20 , 9.7 , 3 , 30.1 , 30.0 , 30.0 , 0.00 
2019-10-29, 70 , 57.2 , 50 , 48 , 37.6 , 26 , 87 , 52.1 , 24 , 14 , 5.6 , 0 , 30.0 , 29.9 , 29.9 , 0.00 
2019-10-30, 68 , 58.9 , 51 , 46 , 24.9 , 13 , 58 , 29.0 , 15 , 17 , 6.6 , 0 , 30.2 , 30.1 , 30.0 , 0.00 
2019-10-31, 72 , 59.5 , 50 , 36 , 29.3 , 20 , 52 , 33.9 , 18 , 15 , 5.5 , 0 , 30.2 , 30.2 , 30.1 , 0.00 
2019-11-01, 71 , 58.1 , 48 , 41 , 33.3 , 26 , 59 , 40.2 , 24 , 12 , 3.3 , 0 , 30.2 , 30.1 , 30.1 , 0.00 
2019-11-02, 73 , 59.4 , 50 , 47 , 39.0 , 32 , 77 , 49.1 , 29 , 9 , 2.4 , 0 , 30.1 , 30.1 , 30.0 , 0.00 
2019-11-03, 72 , 59.0 , 49 , 50 , 41.5 , 30 , 83 , 54.6 , 23 , 17 , 6.4 , 0 , 30.0 , 30.0 , 29.9 , 0.00 
2019-11-04, 68 , 55.4 , 50 , 51 , 47.9 , 46 , 93 , 77.0 , 49 , 18 , 8.6 , 0 , 30.0 , 30.0 , 29.9 , 0.00 
2019-11-05, 66 , 54.0 , 47 , 53 , 48.3 , 46 , 97 , 81.8 , 54 , 21 , 9.4 , 0 , 30.1 , 30.0 , 30.0 , 0.00 
2019-11-06, 60 , 53.1 , 50 , 49 , 48.0 , 47 , 93 , 83.3 , 67 , 20 , 11.0 , 3 , 30.1 , 30.0 , 30.0 , 0.00 
2019-11-07, 61 , 53.0 , 49 , 50 , 48.2 , 46 , 97 , 84.1 , 64 , 20 , 7.1 , 0 , 30.1 , 30.1 , 30.0 , 0.00 
2019-11-08, 61 , 54.5 , 52 , 51 , 49.3 , 48 , 93 , 82.7 , 64 , 20 , 9.0 , 0 , 30.2 , 30.2 , 30.1 , 0.00 
2019-11-09, 58 , 52.1 , 48 , 52 , 48.7 , 46 , 97 , 88.1 , 72 , 24 , 8.7 , 0 , 30.2 , 30.1 , 30.1 , 0.00 
2019-11-10, 61 , 53.2 , 50 , 52 , 48.3 , 45 , 89 , 83.5 , 67 , 18 , 6.6 , 0 , 30.1 , 30.0 , 30.0 , 0.00 
2019-11-11, 71 , 57.3 , 47 , 55 , 48.6 , 41 , 93 , 74.6 , 44 , 14 , 4.3 , 0 , 30.1 , 30.0 , 30.0 , 0.00 
2019-11-12, 70 , 57.9 , 50 , 53 , 49.0 , 46 , 89 , 73.6 , 46 , 13 , 6.3 , 0 , 30.1 , 30.0 , 30.0 , 0.00 
2019-11-13, 61 , 54.6 , 49 , 50 , 48.3 , 46 , 93 , 79.6 , 67 , 16 , 7.6 , 0 , 30.0 , 30.0 , 29.9 , 0.00 
2019-11-14, 61 , 57.4 , 53 , 53 , 49.8 , 47 , 86 , 75.9 , 67 , 10 , 5.3 , 0 , 30.1 , 30.1 , 30.0 , 0.00 
2019-11-15, 66 , 59.0 , 55 , 54 , 51.5 , 48 , 93 , 77.0 , 63 , 20 , 7.7 , 0 , 30.2 , 30.2 , 30.1 , 0.00 
2019-11-16, 62 , 54.2 , 52 , 54 , 51.3 , 48 , 100 , 90.0 , 75 , 18 , 4.5 , 0 , 30.2 , 30.1 , 30.1 , 0.00 
2019-11-17, 73 , 60.8 , 50 , 54 , 49.0 , 46 , 89 , 67.3 , 39 , 13 , 3.1 , 0 , 30.1 , 30.1 , 30.0 , 0.00 
2019-11-18, 66 , 58.8 , 52 , 56 , 51.4 , 45 , 90 , 77.1 , 60 , 22 , 8.0 , 0 , 30.0 , 29.9 , 29.8 , 0.00 
2019-11-19, 61 , 57.1 , 53 , 54 , 50.4 , 46 , 96 , 78.8 , 67 , 31 , 22.3 , 7 , 29.8 , 29.7 , 29.6 , 0.00 
2019-11-20, 67 , 58.9 , 52 , 46 , 41.2 , 35 , 77 , 54.0 , 36 , 23 , 13.1 , 3 , 29.7 , 29.6 , 29.5 , 0.00 
2019-11-21, 62 , 57.3 , 53 , 49 , 44.7 , 40 , 75 , 63.0 , 49 , 14 , 6.0 , 0 , 30.1 , 29.9 , 29.7 , 0.00 
2019-11-22, 61 , 54.9 , 50 , 51 , 46.4 , 43 , 83 , 73.3 , 56 , 12 , 4.9 , 0 , 30.2 , 30.1 , 30.1 , 0.00 
2019-11-23, 67 , 56.0 , 47 , 51 , 45.3 , 40 , 86 , 68.8 , 37 , 14 , 4.8 , 0 , 30.3 , 30.2 , 30.1 , 0.00 
2019-11-24, 67 , 55.0 , 47 , 49 , 44.6 , 39 , 89 , 69.8 , 37 , 18 , 6.0 , 0 , 30.2 , 30.1 , 30.1 , 0.00 
2019-11-25, 63 , 54.7 , 49 , 47 , 41.8 , 33 , 86 , 63.5 , 33 , 24 , 13.1 , 0 , 30.1 , 30.1 , 30.0 , 0.00 
2019-11-26, 55 , 50.5 , 47 , 48 , 40.1 , 33 , 90 , 68.8 , 43 , 36 , 13.3 , 0 , 30.1 , 29.8 , 29.5 , 0.00 
2019-11-27, 50 , 47.0 , 44 , 41 , 38.5 , 34 , 80 , 72.6 , 61 , 20 , 8.3 , 3 , 29.6 , 29.5 , 29.5 , 0.97 
2019-11-28, 50 , 45.8 , 41 , 40 , 37.6 , 36 , 89 , 73.3 , 61 , 14 , 7.3 , 0 , 29.6 , 29.6 , 29.6 , 0.17 
2019-11-29, 52 , 46.6 , 41 , 42 , 38.5 , 35 , 85 , 73.8 , 59 , 16 , 5.6 , 0 , 30.0 , 29.8 , 29.6 , 0.00 
2019-11-30, 56 , 48.5 , 38 , 46 , 41.5 , 36 , 93 , 77.0 , 68 , 23 , 13.4 , 0 , 30.0 , 29.9 , 29.8 , 0.05 
2019-12-01, 59 , 56.0 , 55 , 52 , 49.8 , 47 , 89 , 79.7 , 72 , 29 , 16.5 , 9 , 29.9 , 29.9 , 29.8 , 0.10 
2019-12-02, 58 , 55.6 , 54 , 52 , 51.1 , 50 , 89 , 85.1 , 80 , 15 , 7.8 , 0 , 30.1 , 30.0 , 29.9 , 0.29 
2019-12-03, 61 , 56.0 , 52 , 52 , 50.7 , 49 , 93 , 82.8 , 67 , 10 , 3.7 , 0 , 30.1 , 30.0 , 29.9 , 0.16 
2019-12-04, 56 , 54.9 , 53 , 52 , 50.8 , 50 , 96 , 86.2 , 80 , 12 , 3.8 , 0 , 30.0 , 29.9 , 29.8 , 0.34 
2019-12-05, 60 , 55.9 , 52 , 53 , 51.4 , 50 , 97 , 85.3 , 75 , 10 , 3.7 , 0 , 30.1 , 30.0 , 30.0 , 0.01 
2019-12-06, 65 , 57.8 , 55 , 54 , 51.3 , 48 , 94 , 80.1 , 54 , 21 , 10.7 , 0 , 30.0 , 30.0 , 29.9 , 0.00 
2019-12-07, 66 , 60.5 , 55 , 56 , 54.0 , 52 , 93 , 79.5 , 65 , 31 , 16.3 , 5 , 29.9 , 29.9 , 29.9 , 0.53 
2019-12-08, 61 , 56.3 , 53 , 54 , 51.4 , 50 , 93 , 84.2 , 70 , 16 , 7.0 , 0 , 30.1 , 30.0 , 29.9 , 0.52 
2019-12-09, 56 , 53.0 , 49 , 50 , 48.6 , 45 , 100 , 85.5 , 67 , 10 , 3.9 , 0 , 30.2 , 30.2 , 30.1 , 0.02 
2019-12-10, 58 , 54.4 , 51 , 51 , 48.3 , 45 , 90 , 80.0 , 70 , 15 , 5.0 , 0 , 30.3 , 30.2 , 30.2 , 0.00 
2019-12-11, 62 , 55.8 , 52 , 57 , 52.0 , 50 , 97 , 87.1 , 80 , 12 , 5.0 , 0 , 30.2 , 30.2 , 30.1 , 0.21 
2019-12-12, 62 , 59.2 , 56 , 57 , 55.9 , 55 , 97 , 88.9 , 83 , 9 , 4.1 , 0 , 30.3 , 30.3 , 30.2 , 0.06 
2019-12-13, 60 , 56.9 , 55 , 54 , 52.6 , 48 , 93 , 86.0 , 70 , 13 , 5.5 , 0 , 30.3 , 30.2 , 30.1 , 0.00 
2019-12-14, 58 , 54.3 , 50 , 52 , 45.2 , 41 , 88 , 71.8 , 60 , 25 , 15.7 , 7 , 30.1 , 30.1 , 30.0 , 0.01 
2019-12-15, 57 , 51.4 , 47 , 43 , 41.0 , 38 , 80 , 68.0 , 57 , 17 , 11.0 , 3 , 30.3 , 30.2 , 30.1 , 0.02 
2019-12-16, 56 , 49.5 , 44 , 43 , 38.8 , 35 , 89 , 68.0 , 47 , 15 , 4.9 , 0 , 30.4 , 30.3 , 30.3 , 0.00 
2019-12-17, 55 , 50.1 , 44 , 42 , 39.3 , 37 , 79 , 66.9 , 55 , 13 , 4.0 , 0 , 30.2 , 30.1 , 30.0 , 0.00 
2019-12-18, 58 , 53.0 , 49 , 52 , 47.7 , 42 , 93 , 82.3 , 66 , 21 , 12.3 , 3 , 30.1 , 30.0 , 29.9 , 0.15 
2019-12-19, 57 , 54.5 , 52 , 52 , 49.8 , 48 , 93 , 84.1 , 77 , 6 , 3.8 , 0 , 30.2 , 30.2 , 30.1 , 0.21 
2019-12-20, 56 , 51.5 , 47 , 50 , 48.3 , 45 , 96 , 88.9 , 75 , 6 , 2.6 , 0 , 30.3 , 30.2 , 30.1 , 0.00 
2019-12-21, 62 , 54.0 , 48 , 48 , 44.9 , 39 , 90 , 72.8 , 44 , 10 , 3.8 , 0 , 30.1 , 29.9 , 29.8 , 0.00 
2019-12-22, 57 , 52.7 , 47 , 51 , 45.5 , 40 , 93 , 77.3 , 55 , 28 , 12.6 , 0 , 29.9 , 29.8 , 29.6 , 0.00 
2019-12-23, 55 , 48.7 , 41 , 44 , 41.9 , 39 , 93 , 78.0 , 62 , 13 , 6.2 , 0 , 29.9 , 29.9 , 29.8 , 0.64 
2019-12-24, 54 , 50.1 , 45 , 44 , 41.0 , 39 , 86 , 71.5 , 59 , 13 , 7.3 , 0 , 29.9 , 29.9 , 29.9 , 0.00 
2019-12-25, 54 , 50.0 , 47 , 44 , 43.0 , 40 , 86 , 77.0 , 66 , 30 , 14.0 , 5 , 29.9 , 29.8 , 29.7 , 0.01 
2019-12-26, 56 , 50.8 , 44 , 43 , 38.4 , 35 , 77 , 63.4 , 47 , 14 , 7.2 , 0 , 30.0 , 29.9 , 29.8 , 0.03 
2019-12-27, 59 , 49.3 , 41 , 47 , 40.6 , 33 , 86 , 73.0 , 44 , 16 , 5.7 , 0 , 30.1 , 30.1 , 30.0 , 0.00 
2019-12-28, 57 , 49.5 , 41 , 48 , 43.6 , 39 , 96 , 80.6 , 59 , 14 , 5.9 , 0 , 30.2 , 30.1 , 30.1 , 0.00 
2019-12-29, 56 , 52.7 , 50 , 50 , 47.8 , 45 , 89 , 83.5 , 75 , 17 , 8.7 , 0 , 30.1 , 30.1 , 30.0 , 0.00 
2019-12-30, 56 , 51.6 , 48 , 47 , 44.3 , 42 , 86 , 76.3 , 64 , 17 , 7.6 , 0 , 30.2 , 30.1 , 30.1 , 0.47 
2019-12-31, 56 , 50.9 , 41 , 49 , 45.1 , 39 , 93 , 80.8 , 67 , 12 , 4.9 , 0 , 30.2 , 30.1 , 30.1 , 0.00 
2020-01-01, 58 , 53.2 , 47 , 53 , 49.8 , 45 , 93 , 88.1 , 81 , 25 , 13.9 , 3 , 30.2 , 30.1 , 30.1 , 0.00 
2020-01-02, 60 , 52.8 , 49 , 49 , 47.3 , 44 , 96 , 81.9 , 60 , 13 , 5.5 , 0 , 30.2 , 30.1 , 30.1 , 0.00 
2020-01-03, 57 , 52.3 , 45 , 48 , 45.3 , 41 , 89 , 77.4 , 64 , 13 , 3.6 , 0 , 30.3 , 30.2 , 30.1 , 0.00 
2020-01-04, 59 , 54.1 , 50 , 50 , 46.9 , 43 , 86 , 76.5 , 64 , 16 , 9.1 , 0 , 30.4 , 30.4 , 30.3 , 0.00 
2020-01-05, 59 , 51.5 , 45 , 47 , 43.0 , 39 , 86 , 73.5 , 58 , 21 , 8.2 , 0 , 30.6 , 30.5 , 30.4 , 0.00 
2020-01-06, 58 , 50.7 , 44 , 44 , 40.8 , 37 , 86 , 69.7 , 47 , 14 , 3.5 , 0 , 30.5 , 30.4 , 30.3 , 0.00 
2020-01-07, 56 , 50.7 , 42 , 49 , 43.7 , 37 , 89 , 77.0 , 64 , 18 , 7.3 , 0 , 30.3 , 30.2 , 30.1 , 0.00 
2020-01-08, 56 , 53.1 , 49 , 48 , 45.2 , 43 , 89 , 74.8 , 66 , 15 , 9.5 , 0 , 30.1 , 30.1 , 30.1 , 0.03 
2020-01-09, 55 , 51.5 , 47 , 49 , 44.5 , 41 , 89 , 77.2 , 66 , 28 , 11.3 , 0 , 30.2 , 30.1 , 29.9 , 0.00 
2020-01-10, 56 , 49.8 , 41 , 46 , 42.3 , 39 , 93 , 76.1 , 60 , 16 , 5.9 , 0 , 30.3 , 30.3 , 30.2 , 0.15 
2020-01-11, 56 , 51.3 , 49 , 47 , 44.1 , 41 , 90 , 77.1 , 62 , 21 , 9.7 , 0 , 30.3 , 30.2 , 30.2 , 0.01 
2020-01-12, 55 , 50.0 , 44 , 48 , 41.3 , 36 , 89 , 72.3 , 59 , 17 , 8.4 , 0 , 30.2 , 30.2 , 30.1 , 0.02 
2020-01-13, 56 , 51.8 , 47 , 48 , 44.3 , 42 , 89 , 76.3 , 62 , 13 , 7.2 , 0 , 30.2 , 30.2 , 30.1 , 0.02 
2020-01-14, 56 , 51.4 , 44 , 49 , 41.3 , 38 , 89 , 69.1 , 53 , 18 , 10.2 , 0 , 30.3 , 30.2 , 30.1 , 0.05 
2020-01-15, 53 , 47.0 , 41 , 41 , 39.3 , 37 , 93 , 75.2 , 59 , 14 , 5.1 , 0 , 30.2 , 30.0 , 29.9 , 0.00 
2020-01-16, 53 , 48.7 , 44 , 45 , 41.8 , 40 , 89 , 77.4 , 61 , 28 , 11.9 , 0 , 30.1 , 29.9 , 29.7 , 0.00 
2020-01-17, 53 , 47.2 , 39 , 43 , 40.0 , 37 , 93 , 76.8 , 59 , 14 , 4.2 , 0 , 30.3 , 30.3 , 30.1 , 0.72 
2020-01-18, 54 , 49.5 , 44 , 44 , 39.8 , 38 , 82 , 69.4 , 59 , 15 , 7.4 , 0 , 30.4 , 30.3 , 30.3 , 0.00 
2020-01-19, 53 , 49.4 , 44 , 44 , 39.5 , 36 , 80 , 69.0 , 55 , 10 , 6.0 , 0 , 30.2 , 30.1 , 30.0 , 0.00 
2020-01-20, 56 , 51.3 , 47 , 46 , 42.7 , 40 , 83 , 72.8 , 62 , 10 , 4.8 , 0 , 30.1 , 30.0 , 30.0 , 0.00 
2020-01-21, 58 , 54.5 , 52 , 52 , 49.0 , 44 , 93 , 82.2 , 69 , 15 , 9.2 , 5 , 30.2 , 30.1 , 30.1 , 0.00 
2020-01-22, 56 , 53.5 , 52 , 52 , 49.1 , 45 , 100 , 85.4 , 72 , 10 , 4.2 , 0 , 30.3 , 30.2 , 30.2 , 0.01 
2020-01-23, 57 , 52.8 , 48 , 49 , 47.6 , 44 , 89 , 82.3 , 74 , 5 , 2.2 , 0 , 30.2 , 30.2 , 30.1 , 0.00 
2020-01-24, 62 , 54.0 , 47 , 53 , 49.6 , 45 , 93 , 85.2 , 70 , 15 , 7.3 , 0 , 30.2 , 30.2 , 30.1 , 0.00 
2020-01-25, 62 , 56.3 , 53 , 55 , 52.7 , 51 , 94 , 87.9 , 75 , 10 , 4.5 , 0 , 30.2 , 30.1 , 30.1 , 0.00 
2020-01-26, 60 , 56.3 , 52 , 54 , 50.3 , 45 , 93 , 80.7 , 69 , 22 , 11.7 , 0 , 30.3 , 30.2 , 30.1 , 0.10 
2020-01-27, 60 , 53.7 , 49 , 52 , 47.4 , 43 , 86 , 79.3 , 69 , 14 , 5.3 , 0 , 30.4 , 30.4 , 30.3 , 0.04 
2020-01-28, 62 , 55.1 , 52 , 53 , 49.0 , 46 , 89 , 79.9 , 67 , 15 , 7.6 , 0 , 30.4 , 30.3 , 30.3 , 0.00 
2020-01-29, 60 , 53.3 , 47 , 48 , 46.7 , 43 , 90 , 78.7 , 62 , 20 , 10.1 , 0 , 30.3 , 30.2 , 30.2 , 0.03 
2020-01-30, 62 , 55.6 , 52 , 53 , 51.4 , 49 , 93 , 86.3 , 72 , 18 , 8.5 , 0 , 30.3 , 30.2 , 30.2 , 0.00 
2020-01-31, 64 , 54.1 , 49 , 52 , 49.4 , 46 , 97 , 84.5 , 60 , 8 , 2.6 , 0 , 30.3 , 30.3 , 30.3 , 0.00 
2020-02-01, 62 , 53.1 , 47 , 53 , 49.9 , 45 , 100 , 89.1 , 72 , 23 , 9.5 , 0 , 30.3 , 30.3 , 30.1 , 0.00 
2020-02-02, 56 , 51.9 , 44 , 51 , 41.0 , 31 , 94 , 68.1 , 45 , 33 , 20.8 , 8 , 30.2 , 30.1 , 30.1 , 0.00 
2020-02-03, 56 , 48.5 , 39 , 32 , 26.0 , 18 , 73 , 44.3 , 23 , 22 , 11.8 , 3 , 30.2 , 30.1 , 30.1 , 0.00 
2020-02-04, 55 , 50.3 , 45 , 37 , 28.0 , 21 , 68 , 43.3 , 30 , 25 , 10.9 , 0 , 30.3 , 30.2 , 30.2 , 0.00 
2020-02-05, 62 , 49.4 , 42 , 47 , 37.9 , 30 , 89 , 65.9 , 32 , 18 , 5.6 , 0 , 30.3 , 30.2 , 30.2 , 0.00 
2020-02-06, 63 , 51.9 , 44 , 48 , 43.8 , 38 , 90 , 75.1 , 52 , 14 , 4.5 , 0 , 30.2 , 30.1 , 30.1 , 0.00 
2020-02-07, 64 , 51.0 , 46 , 50 , 45.7 , 40 , 100 , 82.8 , 54 , 22 , 7.7 , 0 , 30.2 , 30.1 , 30.1 , 0.00 
2020-02-08, 60 , 52.5 , 45 , 46 , 44.2 , 42 , 93 , 74.2 , 53 , 20 , 10.1 , 0 , 30.1 , 30.1 , 30.0 , 0.00 
2020-02-09, 61 , 55.6 , 49 , 40 , 33.6 , 29 , 71 , 44.0 , 35 , 36 , 22.4 , 9 , 30.0 , 30.0 , 30.0 , 0.00 
2020-02-10, 70 , 58.4 , 49 , 43 , 32.4 , 22 , 66 , 40.3 , 18 , 15 , 5.5 , 0 , 30.1 , 30.0 , 30.0 , 0.00 
2020-02-11, 72 , 59.1 , 49 , 45 , 33.8 , 26 , 71 , 42.4 , 20 , 12 , 4.1 , 0 , 30.1 , 30.0 , 30.0 , 0.00 
2020-02-12, 66 , 54.1 , 48 , 50 , 43.8 , 35 , 86 , 69.1 , 48 , 17 , 7.0 , 0 , 30.1 , 30.0 , 30.0 , 0.00 
2020-02-13, 55 , 51.1 , 45 , 46 , 43.5 , 41 , 90 , 75.5 , 67 , 17 , 7.8 , 0 , 30.1 , 30.1 , 30.0 , 0.00 
2020-02-14, 60 , 52.5 , 49 , 46 , 42.9 , 41 , 80 , 70.1 , 59 , 17 , 6.9 , 0 , 30.2 , 30.1 , 30.1 , 0.00 
2020-02-15, 61 , 53.3 , 45 , 50 , 44.7 , 41 , 86 , 73.4 , 58 , 20 , 8.8 , 0 , 30.2 , 30.2 , 30.2 , 0.00 
2020-02-16, 59 , 53.5 , 50 , 49 , 46.9 , 45 , 89 , 78.7 , 64 , 24 , 15.7 , 0 , 30.3 , 30.2 , 30.1 , 0.00 
2020-02-17, 69 , 54.6 , 45 , 48 , 42.4 , 34 , 93 , 68.1 , 30 , 15 , 5.4 , 0 , 30.1 , 30.1 , 30.0 , 0.00 
2020-02-18, 65 , 55.6 , 50 , 45 , 34.2 , 24 , 83 , 47.7 , 24 , 18 , 8.0 , 0 , 30.1 , 30.0 , 30.0 , 0.00 
2020-02-19, 61 , 52.4 , 44 , 46 , 43.1 , 38 , 86 , 71.3 , 58 , 16 , 7.0 , 0 , 30.1 , 30.1 , 30.1 , 0.00 
2020-02-20, 66 , 55.3 , 47 , 48 , 43.0 , 37 , 83 , 64.5 , 43 , 10 , 4.0 , 0 , 30.1 , 30.1 , 30.1 , 0.00 
2020-02-21, 67 , 58.2 , 50 , 47 , 42.8 , 36 , 77 , 58.3 , 32 , 14 , 4.9 , 0 , 30.1 , 30.0 , 29.9 , 0.00 
2020-02-22, 61 , 55.2 , 52 , 48 , 45.6 , 43 , 83 , 70.5 , 58 , 23 , 13.2 , 5 , 30.1 , 30.0 , 29.9 , 0.00 
2020-02-23, 58 , 53.3 , 50 , 48 , 45.4 , 43 , 83 , 74.8 , 67 , 22 , 16.9 , 8 , 30.4 , 30.3 , 30.2 , 0.00 
2020-02-24, 65 , 53.6 , 47 , 48 , 43.8 , 40 , 90 , 71.2 , 46 , 21 , 7.1 , 0 , 30.4 , 30.3 , 30.3 , 0.00 
2020-02-25, 74 , 59.7 , 49 , 51 , 38.8 , 30 , 72 , 50.1 , 22 , 14 , 4.3 , 0 , 30.3 , 30.3 , 30.2 , 0.00 
2020-02-26, 71 , 58.9 , 50 , 50 , 43.4 , 37 , 80 , 58.0 , 33 , 13 , 4.9 , 0 , 30.3 , 30.3 , 30.2 , 0.00 
2020-02-27, 73 , 59.9 , 50 , 51 , 46.3 , 40 , 84 , 62.2 , 34 , 13 , 3.2 , 0 , 30.3 , 30.2 , 30.1 , 0.00 
2020-02-28, 65 , 56.7 , 50 , 53 , 48.6 , 45 , 86 , 74.8 , 54 , 24 , 8.5 , 0 , 30.1 , 30.1 , 30.1 , 0.00 
2020-02-29, 56 , 52.0 , 49 , 45 , 41.6 , 38 , 83 , 68.2 , 55 , 38 , 25.4 , 6 , 30.1 , 30.0 , 30.0 , 0.00 
2020-03-01, 60 , 53.1 , 44 , 41 , 35.3 , 30 , 76 , 52.9 , 32 , 24 , 12.2 , 0 , 30.0 , 30.0 , 29.9 , 0.00 
2020-03-02, 70 , 60.4 , 55 , 44 , 33.1 , 21 , 64 , 37.5 , 23 , 20 , 14.5 , 9 , 30.1 , 30.0 , 30.0 , 0.00 
2020-03-03, 73 , 59.8 , 51 , 48 , 43.2 , 39 , 80 , 57.1 , 32 , 17 , 6.5 , 0 , 30.1 , 30.0 , 29.9 , 0.00 
2020-03-04, 73 , 58.8 , 49 , 52 , 47.0 , 40 , 80 , 66.3 , 39 , 17 , 5.0 , 0 , 30.1 , 30.1 , 30.0 , 0.00 
2020-03-05, 62 , 55.6 , 50 , 50 , 47.3 , 45 , 83 , 73.8 , 64 , 15 , 6.8 , 0 , 30.2 , 30.1 , 30.1 , 0.00 
2020-03-06, 59 , 54.4 , 50 , 47 , 44.9 , 44 , 89 , 70.7 , 60 , 22 , 10.3 , 3 , 30.1 , 30.0 , 29.9 , 0.00 
2020-03-07, 56 , 51.4 , 49 , 47 , 44.0 , 41 , 90 , 76.6 , 62 , 12 , 7.0 , 0 , 30.0 , 29.9 , 29.9 , 0.00 
2020-03-08, 58 , 52.0 , 47 , 45 , 41.0 , 36 , 83 , 67.4 , 44 , 15 , 5.2 , 0 , 30.1 , 30.0 , 29.9 , 0.08 
2020-03-09, 64 , 56.1 , 50 , 46 , 42.6 , 38 , 74 , 61.4 , 45 , 13 , 3.8 , 0 , 30.1 , 30.1 , 30.0 , 0.00 
2020-03-10, 69 , 60.2 , 52 , 49 , 44.3 , 39 , 77 , 57.3 , 35 , 14 , 5.3 , 0 , 30.1 , 30.0 , 29.9 , 0.00 
2020-03-11, 67 , 59.0 , 52 , 51 , 48.7 , 44 , 86 , 69.3 , 52 , 21 , 9.8 , 0 , 30.1 , 30.0 , 30.0 , 0.00 
2020-03-12, 69 , 55.2 , 47 , 52 , 46.5 , 41 , 93 , 74.9 , 39 , 18 , 9.1 , 3 , 30.0 , 29.9 , 29.7 , 0.00 
2020-03-13, 62 , 54.9 , 49 , 47 , 45.1 , 42 , 86 , 70.5 , 58 , 26 , 12.4 , 0 , 29.9 , 29.8 , 29.7 , 0.00 
2020-03-14, 54 , 51.1 , 50 , 46 , 44.5 , 43 , 86 , 78.4 , 69 , 15 , 9.6 , 3 , 30.0 , 29.9 , 29.9 , 0.00 
2020-03-15, 56 , 51.1 , 47 , 43 , 40.9 , 38 , 83 , 68.2 , 55 , 17 , 10.8 , 0 , 30.0 , 29.9 , 29.9 , 0.52 
2020-03-16, 54 , 48.8 , 44 , 41 , 39.0 , 36 , 80 , 69.5 , 55 , 20 , 9.2 , 3 , 29.9 , 29.9 , 29.9 , 0.23 
2020-03-17, 54 , 49.0 , 44 , 42 , 39.9 , 38 , 89 , 71.4 , 55 , 13 , 7.1 , 0 , 30.0 , 29.9 , 29.9 , 0.05 
2020-03-18, 57 , 51.4 , 47 , 42 , 40.9 , 39 , 80 , 67.9 , 53 , 13 , 8.4 , 3 , 29.9 , 29.9 , 29.8 , 0.00 
2020-03-19, 60 , 53.2 , 47 , 45 , 42.6 , 41 , 80 , 67.9 , 53 , 14 , 6.0 , 0 , 30.1 , 30.0 , 29.9 , 0.01 
2020-03-20, 62 , 54.0 , 46 , 46 , 42.9 , 39 , 80 , 67.0 , 50 , 12 , 5.6 , 0 , 30.2 , 30.2 , 30.1 , 0.00 
2020-03-21, 61 , 54.9 , 49 , 48 , 44.7 , 40 , 80 , 69.0 , 54 , 12 , 5.3 , 0 , 30.2 , 30.1 , 30.1 , 0.00 
2020-03-22, 64 , 56.6 , 50 , 50 , 46.8 , 43 , 83 , 70.2 , 52 , 15 , 5.2 , 0 , 30.1 , 30.1 , 30.0 , 0.00 
2020-03-23, 54 , 53.0 , 51 , 48 , 43.7 , 41 , 83 , 71.0 , 62 , 16 , 9.8 , 5 , 30.2 , 30.1 , 30.0 , 0.00 
2020-03-24, 56 , 52.1 , 48 , 46 , 42.5 , 37 , 80 , 70.0 , 59 , 17 , 9.3 , 3 , 30.2 , 30.1 , 30.1 , 0.00 
2020-03-25, 56 , 50.6 , 44 , 43 , 39.0 , 35 , 89 , 65.7 , 49 , 24 , 11.6 , 0 , 30.1 , 30.1 , 30.0 , 0.16 
2020-03-26, 58 , 50.8 , 41 , 41 , 38.0 , 35 , 82 , 62.3 , 45 , 22 , 11.8 , 3 , 30.1 , 30.1 , 30.0 , 0.03 
2020-03-27, 58 , 53.0 , 48 , 46 , 40.5 , 37 , 80 , 63.1 , 51 , 24 , 15.1 , 6 , 30.2 , 30.1 , 30.1 , 0.00 
2020-03-28, 57 , 53.7 , 51 , 49 , 46.6 , 45 , 86 , 77.2 , 64 , 9 , 5.8 , 0 , 30.2 , 30.2 , 30.1 , 0.00 
2020-03-29, 59 , 54.0 , 50 , 52 , 47.7 , 46 , 89 , 79.3 , 70 , 13 , 7.3 , 0 , 30.2 , 30.1 , 30.1 , 0.04 
2020-03-30, 62 , 55.5 , 50 , 47 , 45.8 , 44 , 83 , 70.5 , 56 , 16 , 6.8 , 0 , 30.3 , 30.3 , 30.2 , 0.20 
2020-03-31, 63 , 56.0 , 51 , 52 , 49.1 , 46 , 86 , 78.0 , 63 , 26 , 10.8 , 0 , 30.3 , 30.2 , 30.1 , 0.00 
2020-04-01, 59 , 54.1 , 50 , 46 , 39.6 , 35 , 77 , 59.0 , 42 , 28 , 16.3 , 6 , 30.0 , 30.0 , 29.9 , 0.00 
2020-04-02, 62 , 52.8 , 44 , 43 , 38.1 , 31 , 79 , 59.9 , 35 , 26 , 13.6 , 3 , 30.1 , 30.1 , 30.0 , 0.00 
2020-04-03, 60 , 52.7 , 47 , 42 , 39.1 , 34 , 74 , 61.0 , 42 , 26 , 16.5 , 3 , 30.1 , 30.0 , 30.0 , 0.00 
2020-04-04, 58 , 53.3 , 50 , 53 , 47.5 , 41 , 93 , 80.7 , 71 , 18 , 11.0 , 5 , 30.0 , 29.9 , 29.7 , 0.00 
2020-04-05, 55 , 52.8 , 49 , 49 , 44.9 , 39 , 89 , 74.9 , 59 , 15 , 9.8 , 5 , 29.7 , 29.7 , 29.6 , 0.29 
2020-04-06, 51 , 47.6 , 44 , 44 , 42.0 , 39 , 86 , 81.0 , 74 , 15 , 6.1 , 0 , 30.0 , 29.9 , 29.8 , 0.41 
2020-04-07, 62 , 50.3 , 43 , 46 , 42.6 , 40 , 93 , 76.5 , 48 , 24 , 8.0 , 0 , 30.1 , 30.1 , 29.9 , 0.66 
2020-04-08, 61 , 55.0 , 50 , 50 , 47.0 , 45 , 86 , 74.5 , 64 , 17 , 8.5 , 0 , 30.0 , 29.9 , 29.9 , 0.00 
2020-04-09, 62 , 56.8 , 52 , 51 , 48.6 , 46 , 86 , 74.2 , 64 , 10 , 6.9 , 0 , 30.1 , 30.0 , 29.9 , 0.00 
2020-04-10, 62 , 57.0 , 53 , 50 , 48.4 , 47 , 83 , 73.0 , 58 , 23 , 13.1 , 6 , 30.1 , 30.0 , 30.0 , 0.00 
2020-04-11, 60 , 54.4 , 52 , 49 , 47.2 , 46 , 86 , 76.8 , 67 , 16 , 9.8 , 5 , 30.1 , 30.0 , 30.0 , 0.00 
2020-04-12, 62 , 55.2 , 52 , 51 , 47.6 , 45 , 83 , 75.9 , 67 , 18 , 9.0 , 0 , 30.1 , 30.0 , 30.0 , 0.00 
2020-04-13, 67 , 56.1 , 48 , 50 , 46.2 , 42 , 83 , 69.9 , 54 , 21 , 8.6 , 0 , 30.2 , 30.1 , 30.1 , 0.00 
2020-04-14, 77 , 60.8 , 47 , 50 , 40.3 , 29 , 90 , 53.3 , 19 , 24 , 7.0 , 0 , 30.2 , 30.2 , 30.1 , 0.00 
2020-04-15, 72 , 58.8 , 50 , 53 , 47.6 , 39 , 83 , 67.2 , 50 , 21 , 8.5 , 0 , 30.1 , 30.0 , 29.9 , 0.00 
2020-04-16, 61 , 55.4 , 52 , 50 , 48.4 , 47 , 89 , 77.6 , 67 , 17 , 10.5 , 6 , 29.9 , 29.9 , 29.9 , 0.00 
2020-04-17, 62 , 56.5 , 53 , 47 , 46.1 , 45 , 80 , 68.6 , 58 , 20 , 10.4 , 0 , 30.0 , 29.9 , 29.9 , 0.00 
2020-04-18, 64 , 57.9 , 55 , 46 , 43.5 , 42 , 72 , 59.5 , 48 , 17 , 9.1 , 3 , 30.1 , 30.1 , 30.0 , 0.00 
2020-04-19, 65 , 57.3 , 53 , 47 , 45.2 , 42 , 77 , 64.7 , 48 , 23 , 7.0 , 0 , 30.1 , 30.1 , 30.0 , 0.00 
2020-04-20, 61 , 56.8 , 54 , 46 , 44.8 , 44 , 69 , 64.5 , 56 , 22 , 11.9 , 5 , 30.2 , 30.1 , 30.1 , 0.00 
2020-04-21, 64 , 56.2 , 52 , 49 , 46.8 , 46 , 80 , 71.3 , 58 , 25 , 16.0 , 12 , 30.3 , 30.2 , 30.2 , 0.00 
2020-04-22, 69 , 58.9 , 51 , 55 , 50.4 , 46 , 93 , 75.0 , 49 , 30 , 15.8 , 0 , 30.3 , 30.3 , 30.2 , 0.00 
2020-04-23, 70 , 59.6 , 55 , 53 , 50.2 , 47 , 93 , 72.5 , 52 , 30 , 18.3 , 8 , 30.3 , 30.2 , 30.1 , 0.00 
2020-04-24, 72 , 61.5 , 52 , 52 , 48.4 , 46 , 83 , 63.7 , 40 , 26 , 12.8 , 0 , 30.1 , 30.1 , 30.0 , 0.00 
2020-04-25, 77 , 62.5 , 53 , 53 , 50.8 , 50 , 89 , 67.5 , 40 , 24 , 12.2 , 0 , 30.1 , 30.0 , 30.0 , 0.00 
2020-04-26, 67 , 58.9 , 53 , 51 , 46.6 , 34 , 90 , 66.6 , 33 , 33 , 17.5 , 9 , 30.1 , 30.0 , 30.0 , 0.00 
2020-04-27, 70 , 59.8 , 52 , 52 , 49.1 , 41 , 87 , 68.7 , 53 , 32 , 20.2 , 12 , 30.1 , 30.1 , 30.1 , 0.00 
2020-04-28, 70 , 59.6 , 53 , 55 , 51.6 , 50 , 93 , 76.1 , 53 , 26 , 15.0 , 0 , 30.1 , 30.1 , 30.0 , 0.00 
2020-04-29, 64 , 57.5 , 53 , 53 , 50.9 , 50 , 89 , 79.1 , 67 , 32 , 17.8 , 8 , 30.1 , 30.0 , 30.0 , 0.00 
2020-04-30, 67 , 56.8 , 52 , 51 , 48.9 , 42 , 93 , 75.9 , 54 , 31 , 19.2 , 9 , 30.1 , 30.1 , 30.1 , 0.00 
2020-05-01, 68 , 58.6 , 52 , 52 , 45.6 , 33 , 89 , 65.0 , 28 , 24 , 15.9 , 7 , 30.1 , 30.1 , 30.0 , 0.00 
2020-05-02, 69 , 59.9 , 54 , 55 , 52.3 , 49 , 90 , 77.1 , 57 , 17 , 10.0 , 0 , 30.2 , 30.1 , 30.1 , 0.00 
2020-05-03, 64 , 56.5 , 50 , 48 , 44.3 , 42 , 86 , 64.9 , 45 , 24 , 15.2 , 5 , 30.2 , 30.1 , 30.1 , 0.00 
2020-05-04, 67 , 58.0 , 47 , 49 , 42.4 , 30 , 86 , 58.7 , 25 , 28 , 13.4 , 0 , 30.2 , 30.1 , 30.1 , 0.00 
2020-05-05, 67 , 58.1 , 52 , 53 , 49.9 , 45 , 86 , 74.4 , 59 , 28 , 17.6 , 8 , 30.2 , 30.1 , 30.1 , 0.00 
2020-05-06, 72 , 60.7 , 52 , 49 , 44.2 , 42 , 83 , 56.3 , 39 , 31 , 14.6 , 0 , 30.2 , 30.1 , 30.0 , 0.00 
2020-05-07, 83 , 62.7 , 52 , 55 , 45.9 , 34 , 77 , 58.3 , 17 , 23 , 10.3 , 0 , 30.0 , 29.9 , 29.9 , 0.00 
2020-05-08, 82 , 60.3 , 52 , 58 , 49.5 , 46 , 89 , 69.5 , 34 , 23 , 11.7 , 0 , 29.9 , 29.9 , 29.8 , 0.00 
2020-05-09, 65 , 56.2 , 50 , 52 , 49.3 , 48 , 96 , 78.5 , 58 , 25 , 13.3 , 0 , 29.9 , 29.9 , 29.9 , 0.00 
2020-05-10, 69 , 58.8 , 51 , 50 , 47.5 , 41 , 86 , 68.2 , 36 , 18 , 8.3 , 0 , 29.9 , 29.9 , 29.9 , 0.00 
2020-05-11, 70 , 59.6 , 55 , 53 , 47.4 , 29 , 84 , 67.0 , 22 , 29 , 14.8 , 5 , 29.9 , 29.9 , 29.9 , 0.00 
2020-05-12, 64 , 58.8 , 55 , 53 , 49.9 , 46 , 93 , 73.3 , 54 , 18 , 10.1 , 0 , 30.0 , 30.0 , 29.9 , 0.02 
2020-05-13, 65 , 59.5 , 52 , 53 , 49.7 , 44 , 89 , 70.6 , 58 , 18 , 9.0 , 3 , 30.1 , 30.0 , 30.0 , 0.00 
2020-05-14, 67 , 61.2 , 56 , 55 , 51.8 , 49 , 84 , 71.7 , 59 , 16 , 8.6 , 0 , 30.1 , 30.1 , 30.1 , 0.00 
2020-05-15, 67 , 59.4 , 55 , 55 , 49.9 , 44 , 90 , 72.3 , 51 , 25 , 15.8 , 9 , 30.1 , 30.1 , 30.0 , 0.00 
2020-05-16, 72 , 63.0 , 55 , 56 , 50.9 , 46 , 84 , 66.1 , 44 , 18 , 11.8 , 7 , 30.0 , 29.9 , 29.8 , 0.00 
2020-05-17, 73 , 62.8 , 58 , 60 , 55.8 , 50 , 93 , 79.6 , 44 , 26 , 10.7 , 0 , 29.9 , 29.8 , 29.8 , 0.05 
2020-05-18, 65 , 58.9 , 55 , 53 , 49.3 , 45 , 93 , 71.9 , 48 , 18 , 9.8 , 0 , 30.0 , 29.9 , 29.8 , 0.14 
2020-05-19, 65 , 59.5 , 54 , 52 , 48.9 , 47 , 87 , 68.6 , 52 , 28 , 16.1 , 6 , 30.1 , 30.0 , 30.0 , 0.02 
2020-05-20, 67 , 58.8 , 55 , 51 , 48.8 , 48 , 80 , 70.0 , 54 , 25 , 15.2 , 3 , 30.1 , 30.1 , 30.1 , 0.00 
2020-05-21, 68 , 59.5 , 52 , 54 , 49.4 , 47 , 89 , 70.3 , 54 , 29 , 13.4 , 0 , 30.1 , 30.0 , 29.9 , 0.00 
2020-05-22, 66 , 58.2 , 52 , 47 , 45.3 , 44 , 80 , 63.7 , 45 , 28 , 19.3 , 7 , 29.9 , 29.9 , 29.9 , 0.00 
2020-05-23, 73 , 59.7 , 50 , 53 , 47.0 , 44 , 86 , 65.3 , 37 , 28 , 11.3 , 0 , 30.0 , 29.9 , 29.9 , 0.00 
2020-05-24, 79 , 62.0 , 52 , 57 , 49.0 , 43 , 83 , 65.0 , 36 , 25 , 10.3 , 0 , 30.0 , 29.9 , 29.9 , 0.00 
2020-05-25, 85 , 67.3 , 56 , 61 , 51.7 , 46 , 77 , 60.3 , 27 , 18 , 9.8 , 0 , 29.9 , 29.9 , 29.8 , 0.00 
2020-05-26, 88 , 71.4 , 56 , 63 , 53.4 , 51 , 84 , 56.7 , 30 , 21 , 10.0 , 0 , 29.9 , 29.9 , 29.8 , 0.00 
2020-05-27, 77 , 65.1 , 55 , 56 , 52.6 , 51 , 89 , 65.6 , 45 , 26 , 14.1 , 5 , 29.9 , 29.9 , 29.8 , 0.00 
2020-05-28, 66 , 58.8 , 52 , 53 , 52.1 , 51 , 97 , 79.6 , 63 , 26 , 15.3 , 8 , 29.9 , 29.9 , 29.9 , 0.00 
2020-05-29, 70 , 61.2 , 55 , 56 , 52.6 , 51 , 93 , 74.5 , 54 , 30 , 10.6 , 3 , 29.9 , 29.9 , 29.8 , 0.00 
2020-05-30, 71 , 64.6 , 58 , 57 , 53.7 , 50 , 83 , 68.4 , 56 , 18 , 9.5 , 0 , 30.0 , 29.9 , 29.9 , 0.00 
2020-05-31, 66 , 60.5 , 55 , 52 , 51.2 , 49 , 88 , 72.2 , 56 , 16 , 9.3 , 3 , 30.0 , 30.0 , 29.9 , 0.02 
2020-06-01, 71 , 61.7 , 55 , 52 , 50.8 , 49 , 86 , 69.0 , 47 , 22 , 12.5 , 3 , 30.0 , 30.0 , 29.9 , 0.00 
2020-06-02, 85 , 68.7 , 57 , 61 , 53.1 , 49 , 81 , 60.4 , 32 , 23 , 9.9 , 0 , 30.0 , 30.0 , 29.9 , 0.00 
2020-06-03, 83 , 68.8 , 58 , 62 , 54.4 , 52 , 81 , 62.0 , 37 , 25 , 11.7 , 0 , 30.0 , 29.9 , 29.9 , 0.00 
2020-06-04, 79 , 64.9 , 55 , 59 , 51.5 , 46 , 86 , 63.4 , 44 , 28 , 11.8 , 0 , 29.9 , 29.8 , 29.7 , 0.00 
2020-06-05, 63 , 58.4 , 55 , 50 , 48.8 , 48 , 80 , 70.4 , 58 , 32 , 15.6 , 6 , 29.9 , 29.8 , 29.7 , 0.00 
2020-06-06, 64 , 58.6 , 55 , 49 , 48.1 , 47 , 80 , 68.5 , 54 , 30 , 18.2 , 10 , 30.1 , 30.0 , 29.9 , 0.00 
2020-06-07, 65 , 58.6 , 52 , 48 , 45.8 , 44 , 83 , 63.6 , 48 , 36 , 22.2 , 12 , 30.1 , 30.1 , 30.1 , 0.00 
2020-06-08, 73 , 62.0 , 52 , 46 , 42.8 , 39 , 77 , 52.1 , 30 , 25 , 14.0 , 0 , 30.2 , 30.2 , 30.1 , 0.00 
2020-06-09, 81 , 64.3 , 53 , 52 , 46.7 , 40 , 75 , 55.5 , 25 , 26 , 11.8 , 0 , 30.2 , 30.1 , 30.1 , 0.00 
2020-06-10, 75 , 62.8 , 55 , 56 , 52.3 , 50 , 87 , 70.5 , 46 , 28 , 13.7 , 5 , 30.1 , 30.0 , 30.0 , 0.00 
2020-06-11, 77 , 62.7 , 55 , 56 , 53.5 , 52 , 94 , 74.0 , 46 , 28 , 13.4 , 3 , 30.0 , 30.0 , 30.0 , 0.00 
2020-06-12, 67 , 60.1 , 56 , 53 , 51.9 , 51 , 87 , 74.8 , 57 , 26 , 18.3 , 0 , 30.1 , 30.1 , 30.0 , 0.00 
2020-06-13, 67 , 61.2 , 56 , 51 , 48.0 , 44 , 80 , 63.2 , 44 , 24 , 15.4 , 8 , 30.1 , 30.1 , 30.0 , 0.00 
2020-06-14, 69 , 62.0 , 58 , 58 , 53.8 , 50 , 93 , 75.4 , 58 , 26 , 10.3 , 0 , 30.0 , 30.0 , 30.0 , 0.00 
2020-06-15, 70 , 61.6 , 56 , 55 , 52.2 , 49 , 84 , 71.8 , 59 , 30 , 18.6 , 6 , 30.0 , 30.0 , 30.0 , 0.00 
2020-06-16, 68 , 60.2 , 54 , 51 , 48.2 , 47 , 84 , 66.1 , 47 , 32 , 21.3 , 13 , 30.0 , 30.0 , 30.0 , 0.00 
2020-06-17, 82 , 66.8 , 55 , 52 , 45.5 , 39 , 77 , 50.4 , 22 , 26 , 10.0 , 0 , 30.0 , 29.9 , 29.9 , 0.00 
2020-06-18, 83 , 67.8 , 55 , 60 , 49.9 , 39 , 78 , 56.7 , 25 , 20 , 10.2 , 0 , 29.9 , 29.9 , 29.8 , 0.00 
2020-06-19, 73 , 61.8 , 55 , 56 , 53.1 , 51 , 90 , 74.4 , 51 , 22 , 11.3 , 0 , 29.9 , 29.9 , 29.9 , 0.00 
2020-06-20, 73 , 60.6 , 55 , 55 , 53.0 , 51 , 90 , 77.4 , 53 , 24 , 9.8 , 0 , 30.0 , 30.0 , 29.9 , 0.00 
2020-06-21, 68 , 61.6 , 56 , 55 , 53.8 , 52 , 93 , 76.4 , 59 , 29 , 13.7 , 0 , 30.0 , 29.9 , 29.9 , 0.00 
2020-06-22, 76 , 63.2 , 55 , 57 , 54.0 , 52 , 89 , 73.2 , 50 , 20 , 9.0 , 3 , 29.9 , 29.9 , 29.9 , 0.00 
2020-06-23, 72 , 63.1 , 58 , 59 , 55.0 , 53 , 87 , 75.4 , 57 , 18 , 9.2 , 0 , 29.9 , 29.9 , 29.8 , 0.00 
2020-06-24, 73 , 63.1 , 58 , 58 , 54.4 , 53 , 87 , 73.7 , 53 , 24 , 10.7 , 0 , 29.9 , 29.8 , 29.7 , 0.00 
2020-06-25, 70 , 61.9 , 55 , 57 , 53.5 , 51 , 87 , 74.7 , 57 , 18 , 10.2 , 3 , 29.8 , 29.8 , 29.8 , 0.00 
2020-06-26, 71 , 62.9 , 58 , 58 , 55.0 , 53 , 90 , 76.1 , 59 , 25 , 11.5 , 0 , 29.9 , 29.9 , 29.8 , 0.00 
2020-06-27, 72 , 62.5 , 58 , 58 , 54.1 , 50 , 90 , 74.8 , 57 , 21 , 11.1 , 0 , 29.9 , 29.8 , 29.8 , 0.00 
2020-06-28, 66 , 59.4 , 55 , 49 , 48.2 , 47 , 80 , 67.2 , 50 , 33 , 15.1 , 0 , 29.8 , 29.8 , 29.7 , 0.00 
2020-06-29, 76 , 63.9 , 55 , 53 , 49.3 , 44 , 84 , 61.8 , 33 , 21 , 10.1 , 0 , 29.9 , 29.9 , 29.8 , 0.00 
2020-06-30, 76 , 62.5 , 55 , 57 , 52.2 , 50 , 89 , 71.1 , 43 , 28 , 11.8 , 0 , 29.9 , 29.9 , 29.8 , 0.00 
2020-07-01, 73 , 62.2 , 55 , 56 , 51.8 , 50 , 86 , 69.9 , 49 , 15 , 7.7 , 0 , 29.8 , 29.8 , 29.8 , 0.00 
2020-07-02, 70 , 61.6 , 55 , 53 , 50.4 , 48 , 83 , 67.5 , 52 , 12 , 7.6 , 0 , 29.9 , 29.9 , 29.8 , 0.00 
2020-07-03, 65 , 59.4 , 55 , 52 , 50.0 , 48 , 83 , 71.6 , 56 , 23 , 10.8 , 0 , 30.0 , 30.0 , 29.9 , 0.00 
2020-07-04, 77 , 64.0 , 55 , 56 , 50.0 , 46 , 86 , 62.8 , 38 , 24 , 13.2 , 5 , 30.0 , 30.0 , 30.0 , 0.00 
2020-07-05, 71 , 62.4 , 55 , 51 , 49.3 , 47 , 83 , 63.8 , 42 , 30 , 19.9 , 13 , 30.0 , 30.0 , 29.9 , 0.00 
2020-07-06, 67 , 59.8 , 55 , 50 , 48.8 , 48 , 80 , 67.8 , 51 , 40 , 24.6 , 14 , 30.0 , 29.9 , 29.9 , 0.00 
2020-07-07, 71 , 60.1 , 52 , 51 , 49.0 , 47 , 86 , 68.0 , 44 , 28 , 18.6 , 7 , 30.0 , 29.9 , 29.9 , 0.00 
2020-07-08, 70 , 60.8 , 53 , 54 , 50.8 , 49 , 86 , 70.6 , 53 , 24 , 13.1 , 3 , 29.9 , 29.9 , 29.8 , 0.00 
2020-07-09, 73 , 62.3 , 53 , 55 , 50.7 , 49 , 86 , 67.0 , 48 , 28 , 13.7 , 0 , 29.9 , 29.9 , 29.9 , 0.00 
2020-07-10, 73 , 60.1 , 52 , 52 , 50.8 , 49 , 93 , 72.9 , 48 , 21 , 15.7 , 8 , 30.0 , 30.0 , 29.9 , 0.00 
2020-07-11, 75 , 63.0 , 54 , 53 , 50.9 , 49 , 86 , 66.5 , 44 , 24 , 14.5 , 7 , 30.0 , 30.0 , 29.9 , 0.00 
2020-07-12, 76 , 63.6 , 55 , 53 , 50.7 , 49 , 84 , 64.8 , 40 , 28 , 15.0 , 7 , 30.0 , 29.9 , 29.8 , 0.00 
2020-07-13, 71 , 61.8 , 55 , 53 , 51.5 , 50 , 89 , 70.2 , 51 , 20 , 13.2 , 0 , 29.9 , 29.9 , 29.8 , 0.00 
2020-07-14, 73 , 63.0 , 55 , 55 , 52.0 , 49 , 83 , 68.4 , 49 , 15 , 6.8 , 0 , 29.9 , 29.9 , 29.9 , 0.00 
2020-07-15, 73 , 63.0 , 58 , 57 , 53.5 , 52 , 84 , 71.9 , 51 , 17 , 7.8 , 0 , 29.9 , 29.9 , 29.9 , 0.00 
2020-07-16, 72 , 62.8 , 58 , 55 , 53.2 , 52 , 84 , 71.6 , 53 , 25 , 11.4 , 0 , 29.9 , 29.9 , 29.9 , 0.00 
2020-07-17, 74 , 64.0 , 58 , 56 , 53.4 , 52 , 84 , 69.6 , 50 , 13 , 6.4 , 0 , 30.0 , 29.9 , 29.9 , 0.00 
2020-07-18, 74 , 64.0 , 58 , 58 , 55.1 , 53 , 87 , 73.6 , 53 , 21 , 10.0 , 0 , 30.0 , 29.9 , 29.9 , 0.00 
2020-07-19, 72 , 62.8 , 57 , 56 , 54.0 , 53 , 88 , 73.8 , 55 , 23 , 11.0 , 3 , 30.0 , 30.0 , 29.9 , 0.00 
2020-07-20, 68 , 61.6 , 55 , 55 , 53.2 , 52 , 89 , 74.5 , 61 , 25 , 14.6 , 8 , 30.0 , 30.0 , 29.9 , 0.00 
2020-07-21, 68 , 61.1 , 56 , 54 , 53.0 , 51 , 87 , 75.6 , 61 , 25 , 10.7 , 0 , 29.9 , 29.9 , 29.8 , 0.00 
2020-07-22, 73 , 63.3 , 58 , 57 , 53.4 , 52 , 84 , 70.9 , 51 , 18 , 8.7 , 3 , 29.9 , 29.8 , 29.8 , 0.00 
2020-07-23, 71 , 61.7 , 56 , 56 , 52.9 , 51 , 84 , 73.5 , 57 , 22 , 11.0 , 3 , 29.9 , 29.9 , 29.9 , 0.00 
2020-07-24, 67 , 59.8 , 55 , 52 , 51.3 , 50 , 86 , 74.0 , 59 , 23 , 13.5 , 6 , 29.9 , 29.9 , 29.9 , 0.00 
2020-07-25, 73 , 63.1 , 56 , 57 , 53.7 , 52 , 87 , 72.4 , 51 , 14 , 6.5 , 0 , 29.9 , 29.9 , 29.9 , 0.00 
2020-07-26, 71 , 63.0 , 58 , 56 , 54.4 , 53 , 87 , 74.3 , 59 , 23 , 11.5 , 0 , 29.9 , 29.9 , 29.9 , 0.00 
2020-07-27, 70 , 60.8 , 55 , 55 , 53.5 , 53 , 93 , 78.2 , 57 , 24 , 14.1 , 8 , 29.9 , 29.9 , 29.9 , 0.00 
2020-07-28, 67 , 60.0 , 55 , 55 , 53.0 , 52 , 93 , 78.2 , 61 , 23 , 14.6 , 7 , 29.9 , 29.9 , 29.9 , 0.00 
2020-07-29, 69 , 60.1 , 55 , 55 , 53.6 , 52 , 96 , 80.1 , 58 , 25 , 14.4 , 7 , 29.9 , 29.9 , 29.9 , 0.00 
2020-07-30, 67 , 61.0 , 57 , 54 , 53.4 , 52 , 89 , 76.8 , 61 , 25 , 14.8 , 6 , 30.0 , 30.0 , 29.9 , 0.00 
2020-07-31, 67 , 60.1 , 55 , 55 , 53.1 , 51 , 93 , 78.9 , 59 , 22 , 12.2 , 3 , 30.1 , 30.0 , 30.0 , 0.00 
2020-08-01, 67 , 61.4 , 56 , 55 , 54.2 , 53 , 90 , 77.8 , 63 , 23 , 13.8 , 5 , 30.0 , 30.0 , 30.0 , 0.00 
2020-08-02, 70 , 62.0 , 55 , 55 , 53.3 , 51 , 93 , 74.1 , 55 , 24 , 13.2 , 3 , 30.0 , 30.0 , 30.0 , 0.00 
2020-08-03, 74 , 63.6 , 58 , 57 , 54.5 , 53 , 93 , 73.5 , 50 , 36 , 18.9 , 10 , 30.0 , 30.0 , 30.0 , 0.00 
2020-08-04, 71 , 62.7 , 58 , 56 , 54.8 , 54 , 93 , 76.4 , 57 , 36 , 15.0 , 3 , 30.0 , 30.0 , 29.9 , 0.00 
2020-08-05, 66 , 61.7 , 58 , 55 , 54.1 , 53 , 90 , 76.6 , 65 , 30 , 18.0 , 13 , 30.0 , 29.9 , 29.9 , 0.00 
2020-08-06, 73 , 63.2 , 58 , 57 , 54.1 , 52 , 87 , 73.0 , 53 , 25 , 12.2 , 0 , 29.9 , 29.9 , 29.9 , 0.00 
2020-08-07, 77 , 64.5 , 58 , 58 , 54.3 , 52 , 87 , 70.8 , 48 , 18 , 8.5 , 0 , 29.9 , 29.9 , 29.9 , 0.00 
2020-08-08, 75 , 64.5 , 58 , 60 , 55.9 , 54 , 87 , 74.3 , 53 , 20 , 8.8 , 0 , 30.0 , 29.9 , 29.9 , 0.00 
2020-08-09, 72 , 63.5 , 58 , 59 , 55.8 , 55 , 90 , 77.1 , 57 , 20 , 9.7 , 0 , 29.9 , 29.9 , 29.9 , 0.00 
2020-08-10, 73 , 64.1 , 58 , 58 , 55.8 , 54 , 90 , 75.4 , 55 , 17 , 10.2 , 0 , 29.9 , 29.9 , 29.9 , 0.00 
2020-08-11, 74 , 64.2 , 58 , 57 , 54.7 , 53 , 90 , 72.6 , 52 , 23 , 10.7 , 0 , 29.9 , 29.9 , 29.9 , 0.00 
2020-08-12, 71 , 62.6 , 58 , 58 , 54.7 , 52 , 90 , 75.9 , 59 , 23 , 11.5 , 3 , 29.9 , 29.9 , 29.9 , 0.00 
2020-08-13, 84 , 68.8 , 57 , 62 , 54.7 , 47 , 83 , 63.3 , 37 , 17 , 8.6 , 0 , 29.9 , 29.9 , 29.9 , 0.00 
2020-08-14, 99 , 78.8 , 64 , 62 , 53.1 , 43 , 73 , 45.9 , 15 , 22 , 8.8 , 0 , 29.9 , 29.9 , 29.8 , 0.00 
2020-08-15, 94 , 76.8 , 66 , 64 , 53.0 , 43 , 68 , 48.1 , 18 , 24 , 11.1 , 3 , 29.9 , 29.9 , 29.8 , 0.00 
2020-08-16, 85 , 73.0 , 64 , 66 , 59.5 , 54 , 81 , 63.5 , 43 , 29 , 15.4 , 0 , 29.9 , 29.9 , 29.8 , 0.04 
2020-08-17, 81 , 68.0 , 63 , 59 , 56.8 , 55 , 81 , 68.3 , 42 , 24 , 12.8 , 0 , 30.0 , 29.9 , 29.9 , 0.00 
2020-08-18, 81 , 69.7 , 61 , 63 , 55.1 , 52 , 83 , 61.4 , 39 , 22 , 12.5 , 3 , 30.0 , 29.9 , 29.9 , 0.01 
2020-08-19, 77 , 68.0 , 61 , 54 , 52.4 , 50 , 75 , 58.4 , 40 , 28 , 13.7 , 3 , 29.9 , 29.9 , 29.9 , 0.00 
2020-08-20, 75 , 64.1 , 55 , 59 , 55.3 , 53 , 93 , 74.9 , 51 , 33 , 18.0 , 9 , 29.9 , 29.9 , 29.8 , 0.00 
2020-08-21, 79 , 67.4 , 59 , 62 , 58.6 , 57 , 93 , 75.2 , 50 , 37 , 15.0 , 3 , 29.9 , 29.8 , 29.8 , 0.00 
2020-08-22, 78 , 64.8 , 57 , 57 , 56.0 , 55 , 93 , 74.9 , 48 , 21 , 12.3 , 7 , 29.9 , 29.8 , 29.8 , 0.00 
2020-08-23, 71 , 63.6 , 58 , 57 , 55.6 , 54 , 90 , 75.9 , 59 , 18 , 12.2 , 5 , 29.9 , 29.8 , 29.8 , 0.00 
2020-08-24, 73 , 63.2 , 58 , 58 , 55.8 , 54 , 93 , 77.7 , 57 , 21 , 12.1 , 5 , 29.9 , 29.8 , 29.8 , 0.00 
2020-08-25, 71 , 62.5 , 58 , 59 , 56.6 , 55 , 93 , 81.9 , 63 , 24 , 11.6 , 3 , 29.9 , 29.9 , 29.8 , 0.00 
2020-08-26, 66 , 59.4 , 55 , 55 , 53.0 , 52 , 93 , 80.2 , 60 , 22 , 13.2 , 6 , 29.9 , 29.8 , 29.8 , 0.00 
2020-08-27, 68 , 59.7 , 55 , 54 , 52.8 , 52 , 93 , 78.8 , 59 , 21 , 11.9 , 0 , 29.9 , 29.8 , 29.8 , 0.00 
2020-08-28, 67 , 60.5 , 55 , 57 , 54.0 , 53 , 93 , 80.3 , 63 , 20 , 10.8 , 3 , 29.8 , 29.8 , 29.8 , 0.00 
2020-08-29, 71 , 61.5 , 56 , 57 , 54.6 , 53 , 90 , 78.9 , 59 , 14 , 7.5 , 0 , 29.9 , 29.8 , 29.8 , 0.00 
2020-08-30, 69 , 61.4 , 58 , 57 , 54.3 , 53 , 87 , 77.6 , 61 , 17 , 8.9 , 0 , 29.9 , 29.8 , 29.8 , 0.00 
2020-08-31, 70 , 61.4 , 56 , 57 , 55.0 , 53 , 90 , 80.2 , 59 , 20 , 8.9 , 0 , 29.9 , 29.8 , 29.8 , 0.00 
2020-09-01, 70 , 62.9 , 58 , 57 , 54.7 , 53 , 87 , 75.2 , 59 , 14 , 6.5 , 0 , 30.0 , 29.9 , 29.9 , 0.00 
2020-09-02, 70 , 62.8 , 59 , 55 , 53.9 , 53 , 81 , 73.1 , 57 , 21 , 10.6 , 0 , 30.1 , 30.0 , 30.0 , 0.00 
2020-09-03, 67 , 61.2 , 58 , 55 , 54.2 , 53 , 90 , 78.0 , 63 , 24 , 14.6 , 6 , 30.1 , 30.0 , 30.0 , 0.00 
2020-09-04, 71 , 63.0 , 58 , 55 , 53.9 , 52 , 90 , 73.6 , 53 , 20 , 14.0 , 6 , 30.0 , 30.0 , 29.9 , 0.00 
2020-09-05, 93 , 72.4 , 58 , 63 , 54.1 , 46 , 75 , 55.8 , 28 , 17 , 6.5 , 0 , 30.0 , 29.9 , 29.9 , 0.00 
2020-09-06, 102 , 81.3 , 68 , 64 , 52.0 , 39 , 76 , 41.9 , 14 , 21 , 8.3 , 0 , 30.0 , 29.9 , 29.8 , 0.00 
2020-09-07, 95 , 77.4 , 64 , 64 , 54.3 , 41 , 75 , 48.1 , 16 , 28 , 10.0 , 0 , 29.9 , 29.8 , 29.7 , 0.00 
2020-09-08, 77 , 65.0 , 58 , 58 , 55.6 , 54 , 90 , 73.4 , 46 , 25 , 13.2 , 3 , 29.7 , 29.7 , 29.6 , 0.00 
2020-09-09, 64 , 61.3 , 58 , 57 , 56.3 , 55 , 93 , 83.9 , 78 , 9 , 4.0 , 0 , 29.9 , 29.8 , 29.7 , 0.00 
2020-09-10, 67 , 62.3 , 58 , 58 , 56.3 , 54 , 87 , 80.7 , 68 , 10 , 5.4 , 0 , 30.0 , 30.0 , 29.9 , 0.00 
2020-09-11, 73 , 61.6 , 55 , 60 , 54.9 , 52 , 93 , 79.7 , 57 , 18 , 6.9 , 0 , 30.1 , 30.0 , 29.9 , 0.00 
2020-09-12, 76 , 60.5 , 55 , 61 , 55.0 , 53 , 100 , 83.5 , 50 , 17 , 9.7 , 0 , 29.9 , 29.9 , 29.8 , 0.00 
2020-09-13, 65 , 59.0 , 55 , 54 , 53.5 , 53 , 93 , 82.6 , 68 , 21 , 13.1 , 8 , 30.0 , 29.9 , 29.9 , 0.00 
2020-09-14, 68 , 62.0 , 58 , 56 , 53.6 , 52 , 84 , 74.8 , 59 , 23 , 10.8 , 3 , 30.0 , 30.0 , 30.0 , 0.00 
2020-09-15, 73 , 65.0 , 61 , 61 , 57.3 , 55 , 90 , 76.9 , 55 , 25 , 11.8 , 3 , 30.1 , 30.0 , 30.0 , 0.00 
2020-09-16, 77 , 66.0 , 0 , 63 , 60.7 , 0 , 96 , 81.0 , 0 , 24 , 8.5 , 0 , 30.1 , 30.0 , 30.0 , 0.00 
2020-09-17, 72 , 64.7 , 61 , 62 , 60.0 , 58 , 97 , 85.4 , 65 , 24 , 8.9 , 0 , 30.0 , 30.0 , 29.9 , 0.00 
2020-09-18, 74 , 66.7 , 63 , 60 , 58.9 , 58 , 87 , 76.6 , 57 , 21 , 9.5 , 0 , 30.0 , 30.0 , 29.9 , 0.00 
2020-09-19, 75 , 65.6 , 61 , 60 , 57.6 , 56 , 90 , 76.4 , 53 , 23 , 13.1 , 3 , 30.0 , 30.0 , 29.9 , 0.00 
2020-09-20, 83 , 66.6 , 59 , 63 , 56.7 , 52 , 90 , 72.4 , 42 , 22 , 9.7 , 0 , 29.9 , 29.9 , 29.8 , 0.00 
2020-09-21, 75 , 63.8 , 57 , 57 , 55.2 , 53 , 90 , 74.8 , 46 , 23 , 12.3 , 5 , 29.9 , 29.9 , 29.9 , 0.00 
2020-09-22, 73 , 64.3 , 59 , 57 , 55.4 , 53 , 90 , 73.8 , 53 , 30 , 14.4 , 6 , 30.1 , 30.0 , 29.9 , 0.00 
2020-09-23, 75 , 66.3 , 59 , 61 , 55.9 , 50 , 87 , 70.3 , 46 , 21 , 13.2 , 6 , 30.1 , 30.1 , 30.0 , 0.00 
2020-09-24, 78 , 65.9 , 61 , 62 , 59.1 , 55 , 93 , 79.5 , 55 , 24 , 12.7 , 0 , 30.1 , 30.0 , 30.0 , 0.00 
2020-09-25, 72 , 64.2 , 61 , 56 , 55.1 , 53 , 83 , 73.1 , 53 , 24 , 17.7 , 7 , 30.0 , 30.0 , 30.0 , 0.00 
2020-09-26, 76 , 66.5 , 60 , 58 , 55.6 , 54 , 90 , 69.2 , 50 , 26 , 13.3 , 0 , 30.1 , 30.0 , 29.9 , 0.00 
2020-09-27, 90 , 74.2 , 61 , 63 , 53.0 , 44 , 80 , 52.5 , 23 , 13 , 4.5 , 0 , 29.9 , 29.9 , 29.8 , 0.00 
2020-09-28, 95 , 76.1 , 60 , 60 , 49.4 , 35 , 83 , 45.2 , 13 , 21 , 9.5 , 0 , 29.9 , 29.9 , 29.8 , 0.00 
2020-09-29, 70 , 62.1 , 58 , 57 , 56.0 , 54 , 97 , 81.4 , 61 , 23 , 13.4 , 6 , 30.1 , 30.0 , 29.9 , 0.00 
2020-09-30, 79 , 66.6 , 58 , 62 , 55.5 , 46 , 97 , 70.9 , 35 , 18 , 8.1 , 0 , 30.1 , 30.0 , 30.0 , 0.00 
2020-10-01, 88 , 72.1 , 64 , 67 , 53.9 , 44 , 66 , 54.2 , 27 , 13 , 4.6 , 0 , 30.0 , 29.9 , 29.9 , 0.00 
2020-10-02, 88 , 69.2 , 58 , 64 , 57.3 , 53 , 84 , 67.0 , 36 , 20 , 7.2 , 0 , 30.0 , 29.9 , 29.9 , 0.00 
2020-10-03, 85 , 64.7 , 56 , 63 , 54.8 , 52 , 90 , 72.4 , 33 , 18 , 9.5 , 0 , 29.9 , 29.9 , 29.9 , 0.00 
2020-10-04, 69 , 59.6 , 55 , 54 , 53.4 , 52 , 93 , 80.9 , 58 , 28 , 14.4 , 8 , 30.0 , 30.0 , 29.9 , 0.00 
2020-10-05, 74 , 57.1 , 52 , 59 , 53.7 , 52 , 100 , 89.8 , 50 , 21 , 8.0 , 0 , 30.0 , 30.0 , 29.9 , 0.00 
2020-10-06, 67 , 57.6 , 52 , 54 , 51.8 , 50 , 97 , 82.1 , 61 , 20 , 12.4 , 3 , 30.0 , 30.0 , 29.9 , 0.00 
2020-10-07, 65 , 59.1 , 55 , 54 , 52.8 , 52 , 90 , 79.9 , 65 , 21 , 13.2 , 0 , 30.0 , 29.9 , 29.9 , 0.00 
2020-10-08, 66 , 61.9 , 58 , 55 , 53.7 , 52 , 90 , 75.1 , 63 , 16 , 10.4 , 3 , 30.0 , 29.9 , 29.9 , 0.00 
2020-10-09, 70 , 61.9 , 58 , 57 , 55.1 , 53 , 90 , 79.0 , 59 , 13 , 5.6 , 0 , 30.0 , 29.9 , 29.9 , 0.00 
2020-10-10, 72 , 64.3 , 59 , 60 , 57.6 , 54 , 93 , 79.4 , 64 , 18 , 7.6 , 0 , 30.0 , 30.0 , 29.9 , 0.00 
2020-10-11, 76 , 63.5 , 58 , 57 , 53.6 , 47 , 97 , 72.8 , 39 , 21 , 9.4 , 0 , 30.1 , 30.1 , 30.0 , 0.00 
2020-10-12, 81 , 66.5 , 58 , 58 , 51.5 , 46 , 78 , 59.9 , 34 , 20 , 6.0 , 0 , 30.1 , 30.1 , 30.0 , 0.00 
2020-10-13, 84 , 67.6 , 58 , 59 , 53.4 , 48 , 75 , 61.8 , 35 , 21 , 7.1 , 0 , 30.1 , 30.1 , 30.0 , 0.00 
2020-10-14, 85 , 71.5 , 61 , 63 , 53.6 , 49 , 75 , 54.9 , 34 , 17 , 6.3 , 0 , 30.1 , 30.1 , 30.0 , 0.00 
2020-10-15, 90 , 76.0 , 64 , 56 , 44.8 , 32 , 68 , 37.9 , 13 , 9 , 4.0 , 0 , 30.0 , 30.0 , 29.9 , 0.00 
2020-10-16, 92 , 78.3 , 68 , 51 , 40.8 , 32 , 55 , 29.0 , 12 , 15 , 7.5 , 0 , 30.0 , 29.9 , 29.9 , 0.00 
2020-10-17, 88 , 72.3 , 62 , 65 , 49.5 , 38 , 66 , 46.3 , 25 , 17 , 3.7 , 0 , 30.0 , 29.9 , 29.9 , 0.00 
2020-10-18, 82 , 66.8 , 59 , 57 , 53.3 , 49 , 78 , 62.9 , 36 , 22 , 8.4 , 0 , 30.0 , 30.0 , 29.9 , 0.00 
2020-10-19, 75 , 61.6 , 55 , 58 , 52.8 , 51 , 93 , 74.3 , 46 , 20 , 10.2 , 0 , 30.0 , 30.0 , 29.9 , 0.00 
2020-10-20, 81 , 63.8 , 55 , 60 , 52.7 , 48 , 89 , 69.5 , 36 , 16 , 7.2 , 0 , 29.9 , 29.9 , 29.8 , 0.00 
2020-10-21, 78 , 64.1 , 57 , 60 , 52.1 , 47 , 81 , 66.1 , 42 , 21 , 8.3 , 0 , 29.8 , 29.8 , 29.7 , 0.00 
2020-10-22, 73 , 61.0 , 55 , 56 , 52.0 , 51 , 87 , 73.8 , 46 , 20 , 9.3 , 0 , 29.9 , 29.8 , 29.8 , 0.00 
2020-10-23, 71 , 59.9 , 52 , 55 , 51.1 , 47 , 89 , 73.7 , 53 , 18 , 7.7 , 0 , 30.0 , 29.9 , 29.9 , 0.00 
2020-10-24, 70 , 60.0 , 52 , 57 , 52.5 , 49 , 90 , 77.1 , 51 , 17 , 6.6 , 0 , 30.0 , 29.9 , 29.9 , 0.00 
2020-10-25, 69 , 61.0 , 56 , 52 , 48.7 , 28 , 81 , 67.0 , 24 , 22 , 9.1 , 0 , 30.0 , 29.9 , 29.9 , 0.00 
2020-10-26, 75 , 64.8 , 58 , 40 , 28.1 , 13 , 51 , 26.9 , 9 , 31 , 12.5 , 0 , 30.2 , 30.1 , 30.0 , 0.00 
2020-10-27, 77 , 65.2 , 55 , 42 , 33.7 , 23 , 55 , 32.6 , 16 , 15 , 6.3 , 0 , 30.1 , 30.1 , 30.0 , 0.00 
2020-10-28, 73 , 61.1 , 52 , 50 , 41.3 , 34 , 69 , 49.4 , 24 , 15 , 5.4 , 0 , 30.1 , 30.1 , 30.0 , 0.00 
2020-10-29, 72 , 59.5 , 51 , 51 , 41.1 , 31 , 74 , 51.7 , 31 , 21 , 6.0 , 0 , 30.1 , 30.0 , 30.0 , 0.00 
2020-10-30, 65 , 56.1 , 49 , 53 , 49.3 , 48 , 97 , 78.6 , 58 , 20 , 9.8 , 0 , 30.1 , 30.0 , 30.0 , 0.00 
2020-10-31, 75 , 59.0 , 49 , 54 , 48.4 , 41 , 86 , 70.2 , 35 , 14 , 6.0 , 0 , 30.1 , 30.1 , 30.0 , 0.00 
2020-11-01, 75 , 60.7 , 52 , 56 , 49.1 , 42 , 80 , 66.6 , 40 , 12 , 3.7 , 0 , 30.1 , 30.1 , 30.1 , 0.00 
2020-11-02, 71 , 59.8 , 52 , 56 , 50.3 , 44 , 93 , 71.8 , 51 , 22 , 7.9 , 0 , 30.1 , 30.1 , 30.0 , 0.00 
2020-11-03, 66 , 56.2 , 50 , 52 , 49.6 , 48 , 93 , 79.3 , 56 , 25 , 12.8 , 3 , 30.1 , 30.1 , 30.0 , 0.00 
2020-11-04, 73 , 59.8 , 55 , 57 , 54.4 , 51 , 96 , 83.1 , 53 , 20 , 8.3 , 0 , 30.2 , 30.2 , 30.1 , 0.00 
2020-11-05, 78 , 61.8 , 56 , 60 , 55.4 , 51 , 93 , 81.2 , 40 , 26 , 7.2 , 0 , 30.2 , 30.1 , 29.8 , 0.00 
2020-11-06, 62 , 56.8 , 52 , 54 , 45.3 , 39 , 87 , 66.3 , 44 , 36 , 18.4 , 5 , 29.9 , 29.8 , 29.7 , 0.00 
2020-11-07, 60 , 55.0 , 50 , 44 , 42.0 , 40 , 77 , 62.0 , 47 , 20 , 10.8 , 5 , 29.8 , 29.7 , 29.7 , 0.00 
2020-11-09, 58 , 50.0 , 42 , 37 , 29.0 , 24 , 61 , 45.4 , 27 , 14 , 5.3 , 0 , 30.3 , 30.2 , 30.0 , 0.03 
2020-11-10, 61 , 52.4 , 43 , 50 , 38.9 , 28 , 83 , 61.1 , 42 , 14 , 5.6 , 0 , 30.3 , 30.2 , 30.1 , 0.00 
2020-11-11, 59 , 55.0 , 50 , 49 , 46.9 , 44 , 83 , 74.7 , 58 , 12 , 7.1 , 3 , 30.1 , 30.1 , 30.0 , 0.00 
2020-11-12, 62 , 52.9 , 47 , 46 , 43.2 , 38 , 90 , 71.4 , 42 , 17 , 6.3 , 0 , 30.1 , 30.1 , 30.0 , 0.00 
2020-11-13, 60 , 54.7 , 47 , 53 , 47.5 , 41 , 89 , 77.3 , 64 , 20 , 10.0 , 0 , 30.2 , 30.1 , 30.1 , 0.00 
2020-11-14, 60 , 52.9 , 47 , 48 , 44.8 , 38 , 93 , 75.0 , 55 , 13 , 5.2 , 0 , 30.3 , 30.3 , 30.2 , 0.01 
2020-11-15, 65 , 54.2 , 44 , 50 , 44.8 , 36 , 82 , 70.8 , 54 , 12 , 3.2 , 0 , 30.3 , 30.2 , 30.2 , 0.00 
2020-11-16, 67 , 58.0 , 50 , 49 , 46.8 , 45 , 89 , 68.1 , 47 , 9 , 3.0 , 0 , 30.2 , 30.0 , 29.8 , 0.00 
2020-11-17, 66 , 59.7 , 55 , 56 , 51.0 , 37 , 93 , 75.8 , 34 , 25 , 13.2 , 3 , 29.9 , 29.9 , 29.8 , 0.00 
2020-11-18, 64 , 58.5 , 50 , 57 , 53.7 , 47 , 97 , 84.4 , 70 , 14 , 7.0 , 0 , 30.2 , 30.0 , 29.9 , 0.16 
2020-11-19, 61 , 53.5 , 50 , 52 , 47.9 , 45 , 97 , 81.8 , 60 , 17 , 6.3 , 0 , 30.3 , 30.3 , 30.2 , 0.11 
2020-11-20, 65 , 53.8 , 48 , 48 , 42.2 , 34 , 86 , 67.4 , 33 , 13 , 3.4 , 0 , 30.3 , 30.2 , 30.2 , 0.00 
2020-11-21, 62 , 52.9 , 44 , 44 , 38.0 , 33 , 85 , 59.2 , 36 , 6 , 2.2 , 0 , 30.2 , 30.2 , 30.1 , 0.00 
2020-11-22, 58 , 51.3 , 44 , 47 , 43.0 , 36 , 83 , 73.5 , 64 , 25 , 9.8 , 0 , 30.1 , 30.0 , 30.0 , 0.00 
2020-11-23, 60 , 54.1 , 50 , 52 , 48.8 , 45 , 100 , 82.8 , 64 , 18 , 8.6 , 0 , 30.1 , 30.0 , 30.0 , 0.00 
2020-11-24, 62 , 52.8 , 44 , 50 , 46.5 , 41 , 93 , 79.7 , 62 , 17 , 6.5 , 0 , 30.1 , 30.1 , 30.1 , 0.00 
2020-11-25, 61 , 54.3 , 49 , 49 , 45.1 , 40 , 89 , 72.1 , 46 , 22 , 13.2 , 0 , 30.2 , 30.2 , 30.1 , 0.00 
2020-11-26, 62 , 54.7 , 46 , 43 , 36.4 , 29 , 77 , 51.6 , 36 , 25 , 10.7 , 0 , 30.2 , 30.2 , 30.2 , 0.00 
2020-11-27, 64 , 52.3 , 41 , 43 , 31.5 , 26 , 62 , 46.8 , 24 , 12 , 2.5 , 0 , 30.2 , 30.2 , 30.2 , 0.00 
2020-11-28, 62 , 50.8 , 41 , 41 , 36.6 , 31 , 89 , 60.3 , 37 , 7 , 2.3 , 0 , 30.3 , 30.2 , 30.2 , 0.00 
2020-11-29, 59 , 50.3 , 42 , 44 , 40.5 , 36 , 93 , 70.3 , 55 , 14 , 3.8 , 0 , 30.2 , 30.2 , 30.1 , 0.00 
2020-11-30, 61 , 50.8 , 42 , 48 , 43.5 , 37 , 93 , 77.4 , 41 , 17 , 8.2 , 0 , 30.3 , 30.3 , 30.2 , 0.00 
2020-12-01, 62 , 49.0 , 0 , 48 , 44.0 , 0 , 100 , 81.8 , 0 , 20 , 4.6 , 0 , 30.3 , 30.2 , 30.1 , 0.00 
2020-12-02, 65 , 53.2 , 44 , 47 , 42.7 , 38 , 86 , 69.0 , 44 , 17 , 4.7 , 0 , 30.1 , 30.1 , 30.1 , 0.00 
2020-12-03, 60 , 53.8 , 47 , 48 , 43.0 , 37 , 86 , 67.9 , 42 , 10 , 3.3 , 0 , 30.3 , 30.2 , 30.1 , 0.00 
2020-12-04, 60 , 53.0 , 46 , 50 , 42.1 , 37 , 83 , 67.3 , 47 , 9 , 2.8 , 0 , 30.3 , 30.2 , 30.2 , 0.00 
2020-12-05, 60 , 51.5 , 46 , 47 , 43.5 , 37 , 86 , 74.8 , 55 , 15 , 4.5 , 0 , 30.3 , 30.2 , 30.2 , 0.00 
2020-12-06, 61 , 52.0 , 46 , 49 , 46.3 , 41 , 93 , 81.5 , 60 , 15 , 5.0 , 0 , 30.4 , 30.3 , 30.2 , 0.00 
2020-12-07, 73 , 61.0 , 46 , 43 , 37.3 , 30 , 76 , 44.5 , 21 , 20 , 4.8 , 0 , 30.2 , 30.2 , 30.1 , 0.00 
2020-12-08, 70 , 55.8 , 47 , 51 , 41.9 , 31 , 83 , 61.4 , 27 , 12 , 4.3 , 0 , 30.2 , 30.1 , 30.1 , 0.00 
2020-12-09, 65 , 55.6 , 48 , 47 , 41.2 , 37 , 80 , 60.1 , 36 , 9 , 2.9 , 0 , 30.1 , 30.1 , 30.0 , 0.00 
2020-12-10, 61 , 53.5 , 48 , 49 , 44.0 , 36 , 83 , 70.8 , 56 , 23 , 11.8 , 0 , 30.1 , 30.1 , 30.0 , 0.00 
2020-12-11, 60 , 53.5 , 50 , 56 , 43.8 , 37 , 87 , 70.4 , 51 , 24 , 9.2 , 0 , 30.2 , 30.1 , 30.1 , 0.00 
2020-12-12, 60 , 56.4 , 51 , 56 , 51.8 , 46 , 93 , 85.0 , 72 , 25 , 13.9 , 0 , 30.2 , 30.1 , 30.0 , 0.31 
2020-12-13, 60 , 54.6 , 51 , 55 , 50.0 , 45 , 93 , 84.4 , 77 , 20 , 9.4 , 0 , 30.2 , 30.2 , 30.1 , 0.00 
2020-12-14, 57 , 51.3 , 46 , 46 , 42.8 , 39 , 83 , 73.1 , 57 , 15 , 6.9 , 0 , 30.3 , 30.3 , 30.2 , 0.39 
2020-12-15, 57 , 51.3 , 46 , 46 , 43.5 , 40 , 86 , 74.9 , 59 , 12 , 3.8 , 0 , 30.3 , 30.3 , 30.3 , 0.00 
2020-12-16, 58 , 52.7 , 46 , 51 , 44.9 , 40 , 86 , 75.3 , 59 , 8 , 4.3 , 0 , 30.3 , 30.2 , 30.0 , 0.00 
2020-12-17, 58 , 54.2 , 49 , 53 , 46.8 , 41 , 93 , 76.4 , 62 , 24 , 14.3 , 5 , 30.2 , 30.1 , 29.9 , 0.43 
2020-12-18, 62 , 50.9 , 43 , 45 , 39.1 , 32 , 83 , 65.8 , 34 , 14 , 5.0 , 0 , 30.4 , 30.3 , 30.2 , 0.01 
2020-12-19, 60 , 50.5 , 43 , 46 , 40.8 , 35 , 86 , 70.1 , 55 , 8 , 2.8 , 0 , 30.4 , 30.4 , 30.3 , 0.00 
2020-12-20, 60 , 50.7 , 43 , 46 , 42.9 , 39 , 89 , 75.4 , 51 , 8 , 2.4 , 0 , 30.4 , 30.3 , 30.2 , 0.00 
2020-12-21, 58 , 51.2 , 44 , 48 , 44.6 , 38 , 86 , 78.3 , 62 , 16 , 5.3 , 0 , 30.1 , 30.1 , 30.0 , 0.00 
2020-12-22, 59 , 52.7 , 47 , 50 , 43.5 , 38 , 86 , 71.9 , 49 , 20 , 6.5 , 0 , 30.2 , 30.1 , 30.1 , 0.00 
2020-12-23, 59 , 51.4 , 44 , 39 , 33.2 , 27 , 71 , 51.3 , 31 , 14 , 7.6 , 0 , 30.3 , 30.2 , 30.2 , 0.00 
2020-12-24, 55 , 50.5 , 45 , 46 , 40.3 , 34 , 77 , 68.4 , 47 , 16 , 5.2 , 0 , 30.3 , 30.2 , 30.1 , 0.00 
2020-12-25, 63 , 54.3 , 46 , 54 , 46.6 , 38 , 90 , 76.6 , 40 , 23 , 10.3 , 0 , 30.1 , 30.1 , 30.0 , 0.00 
2020-12-26, 61 , 55.8 , 49 , 51 , 47.7 , 44 , 83 , 74.7 , 60 , 15 , 8.8 , 0 , 30.3 , 30.2 , 30.1 , 0.16 
2020-12-27, 57 , 51.6 , 47 , 47 , 43.9 , 42 , 83 , 75.1 , 67 , 16 , 5.8 , 0 , 30.1 , 29.9 , 29.7 , 0.00 
2020-12-28, 56 , 51.3 , 48 , 45 , 43.1 , 41 , 86 , 73.8 , 64 , 16 , 9.4 , 0 , 30.0 , 29.8 , 29.7 , 0.02 
2020-12-29, 61 , 50.1 , 41 , 46 , 39.0 , 32 , 89 , 68.2 , 34 , 13 , 4.3 , 0 , 30.3 , 30.2 , 30.0 , 0.00 
2020-12-30, 57 , 49.7 , 41 , 50 , 42.2 , 33 , 89 , 75.7 , 62 , 16 , 7.4 , 3 , 30.4 , 30.3 , 30.2 , 0.00 
2020-12-31, 59 , 53.1 , 48 , 49 , 44.3 , 42 , 83 , 72.6 , 53 , 15 , 10.1 , 0 , 30.2 , 30.2 , 30.1 , 0.07 
2021-01-01, 58 , 50.0 , 43 , 47 , 43.4 , 39 , 89 , 78.4 , 53 , 15 , 4.0 , 0 , 30.2 , 30.2 , 30.1 , 0.00 
2021-01-02, 53 , 51.9 , 50 , 50 , 48.1 , 46 , 93 , 86.7 , 77 , 8 , 3.1 , 0 , 30.3 , 30.2 , 30.2 , 0.04 
2021-01-03, 53 , 51.1 , 50 , 50 , 48.3 , 47 , 93 , 89.9 , 83 , 8 , 3.0 , 0 , 30.3 , 30.2 , 30.1 , 0.15 
2021-01-04, 62 , 55.9 , 49 , 55 , 50.4 , 44 , 93 , 82.0 , 64 , 26 , 12.8 , 0 , 30.2 , 30.1 , 30.1 , 0.00 
2021-01-05, 55 , 50.7 , 45 , 47 , 45.3 , 41 , 90 , 82.1 , 69 , 9 , 4.0 , 0 , 30.3 , 30.3 , 30.2 , 0.30 
2021-01-06, 55 , 47.9 , 42 , 47 , 43.6 , 39 , 93 , 85.3 , 72 , 10 , 2.8 , 0 , 30.3 , 30.2 , 30.2 , 0.00 
2021-01-07, 57 , 51.9 , 48 , 49 , 46.6 , 44 , 93 , 82.5 , 69 , 13 , 4.8 , 0 , 30.3 , 30.2 , 30.1 , 0.02 
2021-01-08, 57 , 53.0 , 48 , 52 , 47.7 , 44 , 89 , 82.3 , 72 , 10 , 4.2 , 0 , 30.3 , 30.3 , 30.2 , 0.00 
2021-01-09, 61 , 49.7 , 44 , 47 , 43.4 , 35 , 97 , 80.9 , 38 , 14 , 3.9 , 0 , 30.3 , 30.3 , 30.2 , 0.00 
2021-01-10, 57 , 50.7 , 44 , 49 , 42.6 , 36 , 83 , 73.8 , 62 , 13 , 4.2 , 0 , 30.3 , 30.3 , 30.2 , 0.00 
2021-01-11, 58 , 51.8 , 46 , 48 , 45.1 , 42 , 90 , 78.4 , 64 , 14 , 5.2 , 0 , 30.3 , 30.2 , 30.2 , 0.00 
2021-01-12, 58 , 53.5 , 49 , 49 , 46.8 , 43 , 86 , 78.0 , 70 , 8 , 2.0 , 0 , 30.4 , 30.3 , 30.2 , 0.00 
2021-01-13, 68 , 57.0 , 50 , 57 , 51.5 , 47 , 92 , 81.8 , 68 , 8 , 3.3 , 0 , 30.4 , 30.4 , 30.3 , 0.00 
2021-01-14, 67 , 55.1 , 51 , 52 , 49.8 , 47 , 90 , 82.5 , 54 , 15 , 5.3 , 0 , 30.4 , 30.3 , 30.3 , 0.00 
2021-01-15, 58 , 56.8 , 56 , 50 , 48.5 , 47 , 77 , 74.0 , 67 , 9 , 3.0 , 0 , 30.2 , 30.2 , 30.2 , 0.00 
2021-01-16, 66 , 54.8 , 49 , 52 , 48.1 , 43 , 89 , 78.5 , 59 , 20 , 5.6 , 0 , 30.2 , 30.1 , 30.1 , 0.00 
2021-01-17, 73 , 58.7 , 49 , 50 , 45.8 , 41 , 86 , 65.0 , 34 , 14 , 3.9 , 0 , 30.1 , 30.1 , 29.9 , 0.00 
2021-01-18, 74 , 62.9 , 51 , 49 , 37.6 , 22 , 83 , 44.5 , 19 , 24 , 10.1 , 0 , 30.0 , 29.9 , 29.9 , 0.00 
2021-01-19, 62 , 58.4 , 49 , 41 , 32.1 , 26 , 51 , 37.5 , 30 , 44 , 24.0 , 5 , 30.1 , 30.0 , 29.9 , 0.00 
2021-01-20, 65 , 55.1 , 48 , 42 , 32.4 , 25 , 61 , 43.7 , 23 , 13 , 5.4 , 0 , 30.1 , 30.1 , 30.0 , 0.00 
2021-01-21, 57 , 49.7 , 43 , 43 , 38.8 , 26 , 82 , 66.9 , 44 , 18 , 6.8 , 0 , 30.1 , 30.0 , 30.0 , 0.00 
2021-01-22, 54 , 51.5 , 49 , 46 , 43.7 , 42 , 83 , 74.6 , 66 , 17 , 8.3 , 0 , 29.9 , 29.9 , 29.8 , 0.01 
2021-01-23, 57 , 51.2 , 46 , 45 , 42.6 , 40 , 83 , 73.0 , 53 , 16 , 8.1 , 0 , 30.0 , 29.9 , 29.9 , 0.06 
2021-01-24, 53 , 50.0 , 46 , 45 , 42.0 , 36 , 86 , 74.3 , 63 , 28 , 12.2 , 0 , 30.0 , 29.9 , 29.8 , 0.00 
2021-01-25, 54 , 49.3 , 46 , 36 , 34.6 , 32 , 63 , 57.1 , 50 , 32 , 23.6 , 10 , 29.9 , 29.8 , 29.8 , 0.15 
2021-01-26, 52 , 46.4 , 41 , 43 , 36.3 , 31 , 86 , 68.3 , 54 , 29 , 13.7 , 0 , 30.0 , 29.9 , 29.6 , 0.00 
2021-01-27, 55 , 51.6 , 48 , 50 , 45.4 , 43 , 89 , 79.4 , 71 , 22 , 13.4 , 7 , 29.8 , 29.7 , 29.6 , 1.37 
2021-01-28, 54 , 51.5 , 48 , 49 , 46.9 , 45 , 89 , 84.1 , 77 , 14 , 7.0 , 0 , 29.8 , 29.7 , 29.7 , 0.15 
2021-01-29, 56 , 49.8 , 43 , 45 , 42.4 , 39 , 93 , 76.5 , 55 , 10 , 4.4 , 0 , 30.1 , 29.9 , 29.8 , 0.67 
2021-01-30, 57 , 52.0 , 47 , 46 , 42.5 , 37 , 83 , 71.0 , 47 , 8 , 2.3 , 0 , 30.2 , 30.1 , 30.1 , 0.00 
2021-01-31, 61 , 55.0 , 51 , 48 , 46.2 , 43 , 80 , 72.4 , 58 , 7 , 2.8 , 0 , 30.2 , 30.1 , 30.0 , 0.00 
